_id,addTurbine,changedPower,changedSimSpeed,changedWind,correctPower,powerStats.correct,powerStats.medianTimeOnTask,powerStats.over,powerStats.under,repairedTurbine,turbineOnOff,userId
ObjectId(5a7a4235907a2e50714dbd29),true,false,false,false,,,,,,false,false,ff3ad805-f580-d7b0-6f65-4110ef0a8662
ObjectId(5a7a4235907a2e50714dbd2a),true,false,false,false,,,,,,false,false,c486771f-8d30-e9e7-0eaf-693d0712cd0c
ObjectId(5a7a4235907a2e50714dbd2b),true,false,false,false,,,,,,false,false,e9cbafd2-e6d2-2bf5-1d08-db3d95bba46f
ObjectId(5a7a4235907a2e50714dbd2c),true,false,false,false,,,,,,false,false,13d5c636-a6d4-4e80-9bfa-2551496df819
ObjectId(5a7a4235907a2e50714dbd2d),false,false,false,false,,,,,,false,false,2ddbb3dc-0b10-9f5a-a09a-b60af121b680
ObjectId(5a7a4235907a2e50714dbd2e),false,false,false,false,,,,,,false,false,3be78fe8-a5cb-526b-90a6-aa9c98717c4a
ObjectId(5a7a4235907a2e50714dbd2f),false,false,false,false,,,,,,false,false,8f245beb-3e05-27b1-f562-58b2e85690e4
ObjectId(5a7a4235907a2e50714dbd30),false,false,false,false,,,,,,false,false,cc313d4a-0569-4779-a74a-c91912a61b3b
ObjectId(5a7a4235907a2e50714dbd31),false,false,false,false,,,,,,false,false,d1f2946d-d7ae-7d56-18a9-6b8a37356aaa
ObjectId(5a7a4235907a2e50714dbd32),false,false,false,false,,,,,,false,false,42435285-2bbc-28bc-bcf6-74b176222946
ObjectId(5a7a4235907a2e50714dbd33),false,false,false,false,,,,,,false,false,43fd5bc4-e69b-9a6d-93b5-07bca610cbef
ObjectId(5a7a4235907a2e50714dbd34),false,false,false,false,,,,,,false,false,5ccd5d9d-3adf-3d3f-28e3-01145027a2a4
ObjectId(5a7a4235907a2e50714dbd35),false,false,false,false,,,,,,false,false,acd9f0af-9387-f7b0-efa7-a12b59de9c58
ObjectId(5a7a4235907a2e50714dbd36),true,false,false,false,,,,,,false,false,c379355c-30ef-cb00-5d73-c017b48d5b8f
ObjectId(5a7a4235907a2e50714dbd37),true,true,true,true,true,0.011532125205930808,7,0.19439868204283361,0.7940691927512356,false,false,988c24ba-ce5a-8694-3880-921d8900c53f
ObjectId(5a7a4235907a2e50714dbd38),false,false,false,false,,,,,,false,false,bc5f0e2e-160a-0cf7-4fa5-2e7173015c9d
ObjectId(5a7a4235907a2e50714dbd39),false,false,false,false,,,,,,false,false,cfc5ca7e-88a6-4fae-886f-9ce59510015b
ObjectId(5a7a4235907a2e50714dbd3a),false,false,false,false,,,,,,false,false,fe068d2a-c15d-896c-e056-f2422b69721f
ObjectId(5a7a4235907a2e50714dbd3b),false,false,false,false,,,,,,false,false,2225cdb2-5f7c-c657-5ea9-8fde7f07f545
ObjectId(5a7a4235907a2e50714dbd3c),false,false,false,false,,,,,,false,false,77b9d4db-45e8-94db-2b42-682f3900c732
ObjectId(5a7a4235907a2e50714dbd3d),false,false,false,false,,,,,,false,false,37968d12-0775-0d88-34ec-cefd7628b8d1
ObjectId(5a7a4235907a2e50714dbd3e),true,false,false,false,,,,,,false,false,696a8589-d4ed-95ff-2920-dd1977623a4e
ObjectId(5a7a4235907a2e50714dbd3f),true,false,false,false,,,,,,false,false,70779330-84a3-1019-3100-22f9a59b6d12
ObjectId(5a7a4235907a2e50714dbd40),true,false,false,false,,,,,,false,false,714e70b7-ee4c-ecc6-7f49-8ab98b4eaa62
ObjectId(5a7a4235907a2e50714dbd41),false,false,false,false,,,,,,false,false,0228f113-c8c1-4b40-0cbb-af0e0f84f2e1
ObjectId(5a7a4235907a2e50714dbd42),true,false,false,false,,,,,,false,false,292392d1-5845-807e-0803-6887caa3a79b
ObjectId(5a7a4235907a2e50714dbd43),false,false,false,false,,,,,,false,false,2f324cc4-fdd2-aeae-2864-0461eabb0f59
ObjectId(5a7a4235907a2e50714dbd44),true,false,false,false,,,,,,false,false,46b27b79-b091-7536-5a9e-8be25e5028f2
ObjectId(5a7a4235907a2e50714dbd45),false,false,false,false,,,,,,false,false,d8c54f84-e778-4f3e-bd92-582b31b84b3a
ObjectId(5a7a4235907a2e50714dbd46),true,true,true,true,false,0,4,0,1,false,false,ddf5503d-a586-fd6d-ede0-550c0ba36f02
ObjectId(5a7a4235907a2e50714dbd47),false,false,false,false,,,,,,false,false,35e7337c-cc97-4e20-805d-7e43a1ec8d32
ObjectId(5a7a4235907a2e50714dbd48),true,false,false,false,,,,,,false,false,567b9ff6-4031-e093-15e3-fcdd8d1e9fb1
ObjectId(5a7a4235907a2e50714dbd49),false,false,false,false,,,,,,false,false,6485a760-46e7-cf4e-7b05-732e339cf4b8
ObjectId(5a7a4235907a2e50714dbd4a),false,false,false,false,,,,,,false,false,6bf682b5-da6c-4c5d-7071-97cbdaf6f7c7
ObjectId(5a7a4235907a2e50714dbd4b),true,true,true,true,true,0.34502923976608185,4,0.1023391812865497,0.5526315789473685,false,true,8e6ebd57-99a9-041f-c979-ee4f8d4149b2
ObjectId(5a7a4235907a2e50714dbd4c),true,true,true,true,true,0.14223002633889376,7,0.033362598770851626,0.8244073748902546,false,true,00686e9f-aecf-4977-eb6c-486619254b9c
ObjectId(5a7a4235907a2e50714dbd4d),true,false,false,false,,,,,,false,false,2ad5c56c-7433-a4cf-8ffd-829e5ad9ab63
ObjectId(5a7a4235907a2e50714dbd4e),false,false,false,false,,,,,,false,false,3874f781-afaf-4821-8dd7-a2f97aa588b9
ObjectId(5a7a4235907a2e50714dbd4f),false,false,false,false,,,,,,false,false,655e47d8-d8e7-052b-90ec-f70034794859
ObjectId(5a7a4235907a2e50714dbd50),false,false,false,false,,,,,,false,false,c346c0c3-484d-4b11-9cfc-90b4977e6369
ObjectId(5a7a4235907a2e50714dbd51),false,false,false,false,,,,,,false,false,2c8917b9-53b7-d05a-cf5c-3cfb27037296
ObjectId(5a7a4235907a2e50714dbd52),false,false,false,false,,,,,,false,false,7629928b-abdf-b89c-1b15-9cbbb8f38fa2
ObjectId(5a7a4235907a2e50714dbd53),true,true,true,true,false,0,4,0,1,false,true,3fea9988-1838-3fd1-1815-35bf94ce8760
ObjectId(5a7a4235907a2e50714dbd54),false,false,false,false,,,,,,false,false,5a5eea2b-9882-4a14-9dd6-b59322cb77d2
ObjectId(5a7a4235907a2e50714dbd55),false,false,false,false,,,,,,false,false,812821a6-e705-13ac-ef33-b2a995cfe39c
ObjectId(5a7a4235907a2e50714dbd56),false,false,false,false,,,,,,false,false,84e44606-aecc-dcca-ce72-47e19f6fb703
ObjectId(5a7a4235907a2e50714dbd57),false,false,false,false,,,,,,false,false,c29fb0bb-0b76-0954-6415-0e28052d2b67
ObjectId(5a7a4235907a2e50714dbd58),true,false,false,false,,,,,,false,false,cdb10a7f-71db-dae5-0542-37eb4aad4461
ObjectId(5a7a4235907a2e50714dbd59),false,false,false,false,,,,,,false,false,undefined
ObjectId(5a7a4235907a2e50714dbd5a),false,false,false,false,,,,,,false,false,1add317f-f3e7-e431-d56e-fb305201cfc7
ObjectId(5a7a4235907a2e50714dbd5b),false,false,false,false,,,,,,false,false,cde11955-380f-73c2-81d3-f8bdd0a54736
ObjectId(5a7a4235907a2e50714dbd5c),false,false,false,false,,,,,,false,false,050cbe90-56fb-45fa-8d83-c00b2fef0a64
ObjectId(5a7a4235907a2e50714dbd5d),true,true,true,true,true,8.641702570082695e-06,4,0.00011042549120681544,0.9998809328062231,true,true,31e3b01f-5ac0-d552-eb84-7d6fc018320d
ObjectId(5a7a4235907a2e50714dbd5e),false,false,false,false,,,,,,false,false,c617a1d9-0aa4-12f0-1e14-af923c8ad582
ObjectId(5a7a4235907a2e50714dbd5f),false,false,false,false,,,,,,false,false,4971b5fd-025d-5719-3ff6-c2da6d8f6618
ObjectId(5a7a4235907a2e50714dbd60),false,false,false,false,,,,,,false,false,aa52e413-9da9-817d-c117-590351a72b3a
ObjectId(5a7a4235907a2e50714dbd61),false,false,false,false,,,,,,false,false,25c8e188-85d8-5de9-48d2-df666d27e2ad
ObjectId(5a7a4235907a2e50714dbd62),false,false,false,false,,,,,,false,false,f2ef97ae-9198-1008-a84f-cd7fd6e9dc1e
ObjectId(5a7a4235907a2e50714dbd63),false,false,false,false,,,,,,false,false,e5e70f29-f275-2261-9973-a7854507d1a8
ObjectId(5a7a4235907a2e50714dbd64),false,false,false,false,,,,,,false,false,da74cb08-e1e8-a557-82a5-8c1704b4d465
ObjectId(5a7a4235907a2e50714dbd65),false,false,false,false,,,,,,false,false,1ebdf180-3bcf-42c3-bcbc-3bf7a81c9a5d
ObjectId(5a7a4235907a2e50714dbd66),false,false,false,false,,,,,,false,false,7eef9125-4b7c-3e53-737d-0d28a900d3e0
ObjectId(5a7a4235907a2e50714dbd67),true,false,false,false,,,,,,false,false,1c76cbe7-8562-8761-982d-cea50c1dfcbe
ObjectId(5a7a4235907a2e50714dbd68),false,false,false,false,,,,,,false,false,dcdf043a-13fa-17b7-f758-727fc881f38c
ObjectId(5a7a4235907a2e50714dbd69),true,false,false,false,,,,,,false,false,acaf053f-6239-ec4c-878a-f2412119dde2
ObjectId(5a7a4235907a2e50714dbd6a),false,false,false,false,,,,,,false,false,a54f3a18-a555-4a65-88ad-c2906042e273
ObjectId(5a7a4235907a2e50714dbd6b),true,true,true,true,true,0.13131313131313133,4,0.18686868686868688,0.6818181818181818,false,false,df38ac0b-0d4e-93a2-8c11-43b6f7351d4e
ObjectId(5a7a4235907a2e50714dbd6c),true,false,false,false,,,,,,false,false,163c73f4-dad2-c3ed-a807-eb861d6978a5
ObjectId(5a7a4235907a2e50714dbd6d),true,false,false,false,,,,,,false,false,184ead52-6f5b-2b0e-1ca3-93b9ab171045
ObjectId(5a7a4235907a2e50714dbd6e),true,false,false,false,,,,,,false,false,30344136-9ebe-6950-c0b0-e8d2a7e7b0cb
ObjectId(5a7a4235907a2e50714dbd6f),false,false,false,false,,,,,,false,false,bd5cfde9-440a-3af1-d399-549ee34e5add
ObjectId(5a7a4235907a2e50714dbd70),false,false,false,false,,,,,,false,false,12ff1747-678d-cc6f-58f1-17f8f6f35d89
ObjectId(5a7a4235907a2e50714dbd71),true,false,false,false,,,,,,false,false,2fef91df-9960-b23e-076e-31a8e1210a56
ObjectId(5a7a4235907a2e50714dbd72),false,false,false,false,,,,,,false,false,755daaf7-083f-9dba-425e-bafaab273104
ObjectId(5a7a4235907a2e50714dbd73),false,false,false,false,,,,,,false,false,7694ab15-7c3b-45c5-9018-3ecb5ab3b7df
ObjectId(5a7a4235907a2e50714dbd74),true,false,false,false,,,,,,false,false,92e91831-c3f5-bc06-55f1-85b7ca1f383a
ObjectId(5a7a4235907a2e50714dbd75),false,false,false,false,,,,,,false,false,cd96ee3f-a89d-5d30-bbdf-43c04b60df0e
ObjectId(5a7a4235907a2e50714dbd76),false,false,false,false,,,,,,false,false,9e2849a4-bd1d-a087-2de2-fce0a60f6f84
ObjectId(5a7a4235907a2e50714dbd77),false,false,false,false,,,,,,false,false,a51ca577-eb33-ce31-2c4b-a8f62b70ec59
ObjectId(5a7a4235907a2e50714dbd78),false,false,false,false,,,,,,false,false,70a92a3c-4733-3845-2a20-4c85504b5a38
ObjectId(5a7a4235907a2e50714dbd79),false,false,false,false,,,,,,false,false,9bcbde3a-c0c4-4461-b712-f1397a5beece
ObjectId(5a7a4235907a2e50714dbd7a),false,false,false,false,,,,,,false,false,c1b622f4-02f4-7afb-5653-8ae774768bea
ObjectId(5a7a4235907a2e50714dbd7b),false,false,false,false,,,,,,false,false,c8386720-10ae-4f23-bcb8-384f51d523ac
ObjectId(5a7a4235907a2e50714dbd7c),false,true,true,true,false,0,7,0,1,false,false,cfb21da1-df74-cb6f-3a83-9c9a4bf9fdec
ObjectId(5a7a4235907a2e50714dbd7d),false,false,false,false,false,,,,,false,true,0342747d-f879-440c-9411-52df189f3f71
ObjectId(5a7a4235907a2e50714dbd7e),false,false,false,false,,,,,,false,false,0d3d18e6-458b-aa85-d147-56b40d4e98d6
ObjectId(5a7a4235907a2e50714dbd7f),false,false,false,false,,,,,,false,false,1cc7cf57-42cd-4e0d-9e97-c8a51ee24c2a
ObjectId(5a7a4235907a2e50714dbd80),false,false,false,false,,,,,,false,false,956fbad7-fd0e-167c-f3c6-73e0980e9d6b
ObjectId(5a7a4235907a2e50714dbd81),false,false,false,false,false,,,,,false,false,c218ed03-5e02-4d28-a624-271a38ff9f22
ObjectId(5a7a4235907a2e50714dbd82),false,false,false,false,,,,,,false,false,308deb2b-f11a-0946-f876-a95ffd1901ac
ObjectId(5a7a4235907a2e50714dbd83),false,false,false,false,,,,,,false,false,312f0e5c-9e8b-ae8e-75ca-b691f46c50d9
ObjectId(5a7a4235907a2e50714dbd84),false,false,false,false,,,,,,false,false,da7d286b-0250-1cfb-7e5f-c1b15e5b1bab
ObjectId(5a7a4235907a2e50714dbd85),true,false,false,false,,,,,,false,false,4df34817-58ae-14a8-e3c1-84be433a8bb0
ObjectId(5a7a4235907a2e50714dbd86),true,false,false,false,,,,,,false,false,ba57cad7-cacd-cc71-d9ec-bf8f6b04d266
ObjectId(5a7a4235907a2e50714dbd87),false,false,false,false,,,,,,false,false,b90985a7-c77a-6a3a-acc1-04ebcaa29e40
ObjectId(5a7a4235907a2e50714dbd88),true,false,false,false,,,,,,false,false,47a39c52-fe7f-2119-3b3c-df1130510ccf
ObjectId(5a7a4235907a2e50714dbd89),true,false,false,false,,,,,,false,false,1466f5da-3702-e191-53ba-7f02b4067df3
ObjectId(5a7a4235907a2e50714dbd8a),true,false,false,false,,,,,,false,false,4dd038a2-f329-7735-0cf2-b6b27b24082c
ObjectId(5a7a4235907a2e50714dbd8b),true,false,false,false,,,,,,false,false,978f8815-364d-3e9d-a4dc-4f1b6efa5917
ObjectId(5a7a4235907a2e50714dbd8c),false,false,false,false,,,,,,false,false,a95daaa4-6934-0e73-cb85-e7969c39cbdc
ObjectId(5a7a4235907a2e50714dbd8d),false,false,false,false,,,,,,false,false,d47d6050-73b7-91a7-afa9-a84874063b9a
ObjectId(5a7a4235907a2e50714dbd8e),true,true,true,true,false,0,4,0.19444444444444445,0.8055555555555556,false,false,24c5321b-f2a1-53c6-6b88-52caa072455c
ObjectId(5a7a4235907a2e50714dbd8f),false,false,false,false,,,,,,false,false,e15e504e-66b3-438f-9126-0db1f252fe1e
ObjectId(5a7a4235907a2e50714dbd90),true,false,false,false,,,,,,false,false,7714315f-51cf-aaca-2c7f-9f83b081e648
ObjectId(5a7a4235907a2e50714dbd91),true,false,false,false,,,,,,false,false,8c55acc8-994b-ad7e-9063-a3e1b1c516d4
ObjectId(5a7a4235907a2e50714dbd92),false,false,false,false,,,,,,false,false,d2a1dc8b-ec37-8297-ec6c-490249502f1e
ObjectId(5a7a4235907a2e50714dbd93),false,false,false,false,,,,,,false,false,a45e103b-3005-2078-1003-fcf70d9eecc2
ObjectId(5a7a4235907a2e50714dbd94),true,false,false,false,,,,,,false,false,25c2d3ae-13bc-3650-e1bd-1908b4714049
ObjectId(5a7a4235907a2e50714dbd95),true,false,false,false,,,,,,false,false,5fc485a0-abea-d421-1854-f59955a1ed61
ObjectId(5a7a4235907a2e50714dbd96),true,false,false,false,,,,,,false,false,a8a0b1c8-6270-ce34-003a-03eadd3108a8
ObjectId(5a7a4235907a2e50714dbd97),false,false,false,false,,,,,,false,false,61b83756-5da1-10da-9a61-fef4fd5705b6
ObjectId(5a7a4235907a2e50714dbd98),false,false,false,false,,,,,,false,false,90e253cc-2526-1e94-8b15-da70ea39af76
ObjectId(5a7a4235907a2e50714dbd99),false,false,false,false,,,,,,false,false,a0f6953b-7542-44e7-8fed-d24b8941c57e
ObjectId(5a7a4235907a2e50714dbd9a),true,true,true,true,true,5.775059338734706e-06,11,9.625098897891176e-07,0.9999932624307715,false,true,c7493842-a7f6-a8cc-1af0-6d681c6196d7
ObjectId(5a7a4235907a2e50714dbd9b),false,false,false,false,,,,,,false,false,04ea957d-77ef-4961-9889-476085d40d6c
ObjectId(5a7a4235907a2e50714dbd9c),true,false,false,false,,,,,,false,false,05944404-1934-3007-90dd-6fdb9d1ae677
ObjectId(5a7a4235907a2e50714dbd9d),false,false,false,false,,,,,,false,false,0c07ab10-9a31-72b2-5a7b-596c46028112
ObjectId(5a7a4235907a2e50714dbd9e),false,false,false,false,,,,,,false,false,0d7fbc2b-7328-4adc-ac75-b08a5dc4fffb
ObjectId(5a7a4235907a2e50714dbd9f),true,false,false,false,,,,,,false,false,19c02589-7506-264c-454d-44bf536ccda6
ObjectId(5a7a4235907a2e50714dbda0),true,false,false,false,,,,,,false,false,4060d4c0-1f3b-86b8-6ce4-6bc5ec143a16
ObjectId(5a7a4235907a2e50714dbda1),false,false,false,false,,,,,,false,false,4260e12f-0af5-9d58-42cf-8ce9536b9f52
ObjectId(5a7a4235907a2e50714dbda2),false,false,false,false,,,,,,false,false,473d0e07-20cc-4e00-aa23-e5d272fcbe81
ObjectId(5a7a4235907a2e50714dbda3),false,false,false,false,,,,,,false,false,50ade484-c4a9-2f22-24b4-b2461ef53fcd
ObjectId(5a7a4235907a2e50714dbda4),false,false,false,false,,,,,,false,false,52bcf373-ab6b-4acc-bc56-08899f95d3a4
ObjectId(5a7a4235907a2e50714dbda5),false,false,false,false,,,,,,false,false,6211aa01-5c46-4fa1-97c9-668c01f9bc69
ObjectId(5a7a4235907a2e50714dbda6),true,true,true,true,false,0,4,0,1,false,false,64810db9-ae78-60a7-e4ba-0a7974fc5062
ObjectId(5a7a4235907a2e50714dbda7),false,false,false,false,,,,,,false,false,6619399e-3af2-4372-95e6-07c774f0d35d
ObjectId(5a7a4235907a2e50714dbda8),false,false,false,false,,,,,,false,false,6ce21a6d-b3ab-2b35-a6d3-64b58512ca1c
ObjectId(5a7a4235907a2e50714dbda9),false,false,false,false,,,,,,false,false,701b1eeb-c4d2-4c41-bf79-f8cb4b73a584
ObjectId(5a7a4235907a2e50714dbdaa),false,false,false,false,,,,,,false,false,788342ad-0a98-4d9f-8be1-5f89c1a14002
ObjectId(5a7a4235907a2e50714dbdab),false,false,false,false,,,,,,false,false,823d9841-1f46-e90f-cb7b-b80caa2de95e
ObjectId(5a7a4235907a2e50714dbdac),true,false,false,false,,,,,,false,false,998f597a-4376-e109-a1b4-b33490dcaca4
ObjectId(5a7a4235907a2e50714dbdad),false,false,false,false,,,,,,false,false,bc181249-18fb-ae2d-9729-f82ca296b39a
ObjectId(5a7a4235907a2e50714dbdae),true,false,false,false,,,,,,false,false,c4c160ce-22ec-a406-fd19-eecec31523b0
ObjectId(5a7a4235907a2e50714dbdaf),false,false,false,false,,,,,,false,false,d11858dc-6afa-4f39-a2f6-ec76839ffd53
ObjectId(5a7a4235907a2e50714dbdb0),false,false,false,false,,,,,,false,false,d2d44bec-5e7c-4bcd-8ba0-d91eabc4c76e
ObjectId(5a7a4235907a2e50714dbdb1),true,false,false,false,,,,,,false,false,d6f6a1b9-2033-6b7e-8ed6-a82fe2a166cb
ObjectId(5a7a4235907a2e50714dbdb2),false,false,false,false,,,,,,false,false,d7000d57-f559-4d92-9741-43223cde3ab6
ObjectId(5a7a4235907a2e50714dbdb3),false,false,false,false,,,,,,false,false,ed562f16-281f-aaef-49ac-6607ebeda40e
ObjectId(5a7a4235907a2e50714dbdb4),false,false,false,false,,,,,,false,false,f95d8e1f-fb33-434c-b966-f91ba14d7967
ObjectId(5a7a4235907a2e50714dbdb5),false,false,false,false,,,,,,false,false,0dbcd42c-34a1-f1d6-28a6-1bc7bc7e0726
ObjectId(5a7a4235907a2e50714dbdb6),true,false,false,false,,,,,,false,false,1c076175-a682-3587-f609-04784d6041fc
ObjectId(5a7a4235907a2e50714dbdb7),true,false,false,false,,,,,,false,false,35c2e3dd-b4ce-1e89-f16e-fb8c03e414cc
ObjectId(5a7a4235907a2e50714dbdb8),false,false,false,false,,,,,,false,false,4a0e47a4-1113-446c-b21b-d8a502125462
ObjectId(5a7a4235907a2e50714dbdb9),true,false,false,false,,,,,,false,false,5418f6b6-80c9-3810-64e7-fb9d0a1dd5a2
ObjectId(5a7a4235907a2e50714dbdba),false,false,false,false,,,,,,false,false,6c1a1f45-4d62-4d6a-9517-87bc131268e9
ObjectId(5a7a4235907a2e50714dbdbb),false,false,false,false,,,,,,false,false,7fad25c6-a08b-fc74-aa43-7c822b46fffc
ObjectId(5a7a4235907a2e50714dbdbc),true,false,false,false,,,,,,false,false,a4a368a7-6388-9b8f-72cf-2183a9a68982
ObjectId(5a7a4235907a2e50714dbdbd),true,false,false,false,,,,,,false,false,b4a0fda1-8d41-06a0-705c-44345e42e6e0
ObjectId(5a7a4235907a2e50714dbdbe),true,true,true,true,true,0.047954866008462625,5.5,0.02538787023977433,0.926657263751763,true,true,b7f78044-721d-71ef-7ad6-8b3e7d99b1e2
ObjectId(5a7a4235907a2e50714dbdbf),true,false,false,false,,,,,,false,false,bdb792a4-1d1c-1af0-8cc8-caae56f8041b
ObjectId(5a7a4235907a2e50714dbdc0),false,false,false,false,,,,,,false,false,d41e1ec3-d0fb-d42a-8db1-f80eee4d343f
ObjectId(5a7a4235907a2e50714dbdc1),false,false,false,false,,,,,,false,false,f75604c3-d897-4d52-a83c-b4f760a205e6
ObjectId(5a7a4235907a2e50714dbdc2),false,false,false,false,,,,,,false,false,96193546-87cd-f81e-930a-41b7d4d0643f
ObjectId(5a7a4235907a2e50714dbdc3),false,false,false,false,,,,,,false,false,aa6a8b3d-dfc0-ecac-0832-6865561aa608
ObjectId(5a7a4235907a2e50714dbdc4),true,false,false,false,,,,,,false,false,2d5c2766-9a4c-fa6a-85e8-39a80ee36a83
ObjectId(5a7a4235907a2e50714dbdc5),true,false,false,false,,,,,,false,false,40a4dd9d-f88a-d1d0-1461-bb62417384f0
ObjectId(5a7a4235907a2e50714dbdc6),false,false,false,false,,,,,,false,false,4c5e59df-4f58-f87d-864d-fdc4462316ff
ObjectId(5a7a4235907a2e50714dbdc7),true,false,false,false,,,,,,false,false,9e46f277-fd58-0228-1e57-bcc3a71e3bb5
ObjectId(5a7a4235907a2e50714dbdc8),false,false,false,false,,,,,,false,false,a643c92f-8a61-6530-4519-d858ae36d46a
ObjectId(5a7a4235907a2e50714dbdc9),true,false,false,false,,,,,,false,false,f7f6b099-9af7-2c97-26c6-828f43aa1184
ObjectId(5a7a4235907a2e50714dbdca),true,false,false,false,,,,,,false,false,19cd80f1-f0b5-4211-05b1-4b4e09c7044f
ObjectId(5a7a4235907a2e50714dbdcb),false,false,false,false,,,,,,false,false,27d637c0-4e3e-46de-e961-f952823e1ddc
ObjectId(5a7a4235907a2e50714dbdcc),false,false,false,false,,,,,,false,false,53dadf40-aef2-6b7f-3681-18e297f613b3
ObjectId(5a7a4235907a2e50714dbdcd),true,false,false,false,,,,,,false,false,d68d4a63-6cff-11e0-f113-ff6440baf98c
ObjectId(5a7a4235907a2e50714dbdce),false,false,false,false,,,,,,false,false,4aaa3335-6307-1ec3-cbe6-dde869310566
ObjectId(5a7a4235907a2e50714dbdcf),false,false,false,false,,,,,,false,false,7f65617c-6779-2077-8d55-bb366ff0a24b
ObjectId(5a7a4235907a2e50714dbdd0),true,false,false,false,,,,,,false,false,a61aa268-281a-e041-5612-a495ab74bfef
ObjectId(5a7a4235907a2e50714dbdd1),false,false,false,false,,,,,,false,false,ef076ea5-7388-4e28-a907-d99d4eeae9df
ObjectId(5a7a4235907a2e50714dbdd2),false,false,false,false,,,,,,false,false,1b953871-57a7-38ea-507c-b604d26b306e
ObjectId(5a7a4235907a2e50714dbdd3),true,false,false,false,,,,,,false,false,2c27effa-46c5-0d8c-704a-19bcf2475ce3
ObjectId(5a7a4235907a2e50714dbdd4),true,false,false,false,,,,,,false,false,730a7f86-c923-4974-1466-e832f59a11e4
ObjectId(5a7a4235907a2e50714dbdd5),false,false,false,false,,,,,,false,false,3588d078-3a2d-4fa0-aaf3-5546840b1325
ObjectId(5a7a4235907a2e50714dbdd6),false,false,false,false,,,,,,false,false,40dcc20f-44b0-4774-a57a-d45da6b60973
ObjectId(5a7a4235907a2e50714dbdd7),false,false,false,false,,,,,,false,false,417466d5-a71d-4690-8df8-b4f322bf6975
ObjectId(5a7a4235907a2e50714dbdd8),true,true,true,true,true,0.013603532801916096,8,0.004228883649564013,0.9821675835485199,true,true,424e7c50-c0f8-d75c-13d3-3a6e1d5b269b
ObjectId(5a7a4235907a2e50714dbdd9),false,false,false,false,,,,,,false,false,50545178-7811-4923-aebb-b0c78a966c41
ObjectId(5a7a4235907a2e50714dbdda),false,false,false,false,,,,,,false,false,516105d7-0f3a-4f0f-87b6-535593e9150d
ObjectId(5a7a4235907a2e50714dbddb),false,false,false,false,,,,,,false,false,56db784b-685a-4d88-b6b7-dbb80fd3e2f3
ObjectId(5a7a4235907a2e50714dbddc),true,false,false,false,,,,,,false,false,594707067.1499351431
ObjectId(5a7a4235907a2e50714dbddd),false,false,false,false,,,,,,false,false,78758e4d-5fc1-4e2a-93a5-b8f5d4bd4938
ObjectId(5a7a4235907a2e50714dbdde),true,true,true,true,true,0.1835837303041407,10.5,0.14913887871015025,0.667277390985709,true,true,7920b315-7f72-9bfd-b7dc-c8c1b1396f64
ObjectId(5a7a4235907a2e50714dbddf),true,true,true,true,false,0,10.5,0.38235294117647056,0.6176470588235294,false,false,7a3b9677-1393-ad77-4ab5-ad6a9cd718aa
ObjectId(5a7a4235907a2e50714dbde0),true,true,true,true,false,0,11,0.42468800197701717,0.5753119980229828,true,true,808e0977-b639-27fd-83e3-ce7dde07d45b
ObjectId(5a7a4235907a2e50714dbde1),true,true,true,true,false,0,17,0,1,false,false,875c882e-00f6-a1b0-1fd6-87421279fad7
ObjectId(5a7a4235907a2e50714dbde2),true,true,true,true,true,0.016780341270036688,7,0.002240661857040849,0.9809789968729224,true,true,8a73a284-f7dd-a74e-f440-6c9b00cc525f
ObjectId(5a7a4235907a2e50714dbde3),false,false,false,false,,,,,,false,false,a0c862ca-258d-4b3e-98b7-8994adab01b6
ObjectId(5a7a4235907a2e50714dbde4),false,false,false,false,,,,,,false,false,a2252137-5639-44aa-81d1-8859e069dfb5
ObjectId(5a7a4235907a2e50714dbde5),true,true,true,true,true,0.1412639405204461,8,0.17472118959107807,0.6840148698884758,true,true,a37a8b2a-12c3-8b54-5d92-dc0c09400b76
ObjectId(5a7a4235907a2e50714dbde6),false,false,false,false,,,,,,false,false,a61d42a8-ec16-409f-9d7a-94b764d587af
ObjectId(5a7a4235907a2e50714dbde7),false,false,false,false,,,,,,false,false,a6541f2b-b22b-4594-97dd-6c3b70c20b17
ObjectId(5a7a4235907a2e50714dbde8),false,false,false,false,,,,,,false,false,b339a2b1-c196-4db9-8f96-1eae6b351023
ObjectId(5a7a4235907a2e50714dbde9),true,true,true,true,false,0,8,0,1,false,false,bbbb67d7-5857-ccfa-81ef-a39669e69022
ObjectId(5a7a4235907a2e50714dbdea),false,false,false,false,,,,,,false,false,bcbdc2f0-cedb-4ce9-920d-6dfda5c51f0f
ObjectId(5a7a4235907a2e50714dbdeb),false,false,false,false,,,,,,false,false,d0eafbbb-5468-4e91-b8f1-6f788768086b
ObjectId(5a7a4235907a2e50714dbdec),false,false,false,false,,,,,,false,false,dbcbf5fe-db8c-45fd-8afd-588c27db60a7
ObjectId(5a7a4235907a2e50714dbded),true,true,true,true,true,0.11843534951104673,10,0.1629844259326331,0.7185802245563202,true,true,df65266d-96c5-12ce-b9aa-bcb2a0b3a7ca
ObjectId(5a7a4235907a2e50714dbdee),false,false,false,false,,,,,,false,false,f25f5e43-8e02-416b-8a61-690c5c64e66a
ObjectId(5a7a4235907a2e50714dbdef),false,false,false,false,,,,,,false,false,f712531e-c505-4d53-916c-ccbc371fdc69
ObjectId(5a7a4235907a2e50714dbdf0),false,false,false,false,,,,,,false,false,fc639e63-aa5b-4145-bdf2-5396bccd71cd
ObjectId(5a7a4235907a2e50714dbdf1),true,true,true,true,true,0.2312820512820513,11,0.10666666666666667,0.662051282051282,true,true,fc9f9411-55a3-97eb-1265-f1ac5149b628
ObjectId(5a7a4235907a2e50714dbdf2),false,false,false,false,,,,,,false,false,07863689-7661-4a25-b2c5-7afde0b69b29
ObjectId(5a7a4235907a2e50714dbdf3),false,false,false,false,,,,,,false,false,1236973282.1499428912
ObjectId(5a7a4235907a2e50714dbdf4),false,false,false,false,,,,,,false,false,5a7e7b56-f2d1-48b0-99a4-b58123d69a13
ObjectId(5a7a4235907a2e50714dbdf5),false,false,false,false,,,,,,false,false,81120e35-75e0-4297-bd9b-1a7eb287ee98
ObjectId(5a7a4235907a2e50714dbdf6),true,true,true,true,true,0.12367491166077739,3,0.1353356890459364,0.7409893992932862,true,true,9faeb282-3275-0a12-03e1-7f7802735ccf
ObjectId(5a7a4235907a2e50714dbdf7),true,true,true,true,true,0.30788804071246817,8,0.11195928753180662,0.5801526717557252,true,true,a10148d5-3813-eac9-52c2-2ab8801cb5ec
ObjectId(5a7a4235907a2e50714dbdf8),false,false,false,false,,,,,,false,false,432636508.1499522365
ObjectId(5a7a4235907a2e50714dbdf9),true,false,false,false,,,,,,false,false,837058000.1499597817
ObjectId(5a7a4235907a2e50714dbdfa),false,false,false,false,,,,,,false,false,58743a7f-de7a-44bd-b1e9-ec821c0714de
ObjectId(5a7a4235907a2e50714dbdfb),true,false,false,false,,,,,,false,false,600865076.1489651132
ObjectId(5a7a4235907a2e50714dbdfc),true,true,true,true,true,0.13117206982543642,8,0.11920199501246882,0.7496259351620947,true,false,cc6d6652-2395-2355-c0ac-b6b340625893
ObjectId(5a7a4235907a2e50714dbdfd),false,false,false,false,,,,,,false,false,3d83c5ca-04e8-41c7-b45b-d7dd882ac800
ObjectId(5a7a4235907a2e50714dbdfe),false,false,false,false,,,,,,false,false,1751821827.1499939857
ObjectId(5a7a4235907a2e50714dbdff),false,false,false,false,,,,,,false,false,9fd4bce4-8446-46c7-9609-9f23264a1c50
ObjectId(5a7a4235907a2e50714dbe00),false,false,false,false,,,,,,false,false,1781303182.1500019279
ObjectId(5a7a4235907a2e50714dbe01),false,false,false,false,,,,,,false,false,434757250.1500029209
ObjectId(5a7a4235907a2e50714dbe02),true,false,false,false,,,,,,false,false,1644418099.1500166950
ObjectId(5a7a4235907a2e50714dbe03),false,false,false,false,,,,,,false,false,1061633374.1500387299
ObjectId(5a7a4235907a2e50714dbe04),true,false,false,false,,,,,,false,false,558247322.1500407975
ObjectId(5a7a4235907a2e50714dbe05),false,false,false,false,,,,,,false,false,110054509.1500496697
ObjectId(5a7a4235907a2e50714dbe06),true,false,false,false,,,,,,false,false,160158435.1500451184
ObjectId(5a7a4235907a2e50714dbe07),false,false,false,false,,,,,,false,false,1947959954.1500495845
ObjectId(5a7a4235907a2e50714dbe08),false,false,false,false,,,,,,false,false,0524d990-1ab7-4533-b8c0-5a9ae09d5dde
ObjectId(5a7a4235907a2e50714dbe09),true,false,false,false,,,,,,false,false,1834480930.1500549318
ObjectId(5a7a4235907a2e50714dbe0a),true,true,true,true,true,0.2508574228319451,7,0.13326800587947085,0.615874571288584,true,true,54c78b01-c78a-5960-08c5-100a7d68cb31
ObjectId(5a7a4235907a2e50714dbe0b),false,false,false,false,,,,,,false,false,bc2ebc51-4eaa-45ed-b285-cd1626a04cff
ObjectId(5a7a4235907a2e50714dbe0c),false,false,false,false,,,,,,false,false,1940726897.1500897309
ObjectId(5a7a4235907a2e50714dbe0d),false,false,false,false,,,,,,false,false,610028654.1500884374
ObjectId(5a7a4235907a2e50714dbe0e),true,true,true,true,true,0.35374149659863946,7,0.16326530612244897,0.48299319727891155,false,true,968f4405-4643-efbc-2a6a-45002ce665b0
ObjectId(5a7a4235907a2e50714dbe0f),false,false,false,false,,,,,,false,false,ca5e95c3-d10f-4003-8db6-c11683f1e837
ObjectId(5a7a4235907a2e50714dbe10),true,true,true,true,true,0.03503035964502569,7,0.17188229799159271,0.7930873423633816,true,true,401420be-e4d7-7e41-32aa-c653abd481a3
ObjectId(5a7a4235907a2e50714dbe11),false,false,false,false,,,,,,false,false,610667e0-0286-491c-9e63-027a21d70be6
ObjectId(5a7a4235907a2e50714dbe12),false,false,false,false,,,,,,false,false,434757250.1501328665
ObjectId(5a7a4235907a2e50714dbe13),true,false,false,false,,,,,,false,false,1002443960.1501583446
ObjectId(5a7a4235907a2e50714dbe14),false,false,false,false,,,,,,false,false,460946659.1491552501
ObjectId(5a7a4235907a2e50714dbe15),false,false,false,false,,,,,,false,false,1604797005.1501763994
ObjectId(5a7a4235907a2e50714dbe16),false,false,false,false,,,,,,false,false,1499245900.1500768000
ObjectId(5a7a4235907a2e50714dbe17),false,false,false,false,,,,,,false,false,972443326.1501946464
ObjectId(5a7a4235907a2e50714dbe18),false,false,false,false,,,,,,false,false,241843518.1502091070
ObjectId(5a7a4235907a2e50714dbe19),true,true,true,true,true,0.22317596566523606,6.5,0,0.776824034334764,false,false,59568801-56d7-2c68-cc37-f32dd7f3de58
ObjectId(5a7a4235907a2e50714dbe1a),false,false,false,false,,,,,,false,false,7b0d216c-96a0-4683-85cc-137a6e47bf6b
ObjectId(5a7a4235907a2e50714dbe1b),false,false,false,false,,,,,,false,false,1760052276.1502450179
ObjectId(5a7a4235907a2e50714dbe1c),false,false,false,false,,,,,,false,false,1615165340.1502621381
ObjectId(5a7a4235907a2e50714dbe1d),false,false,false,false,,,,,,false,false,434757250.1502622791
ObjectId(5a7a4235907a2e50714dbe1e),true,false,false,false,,,,,,false,false,1765839854.1502801857
ObjectId(5a7a4235907a2e50714dbe1f),false,false,false,false,,,,,,false,false,284940780.1502856136
ObjectId(5a7a4235907a2e50714dbe20),false,false,false,false,,,,,,false,false,1473454456.1500768000
ObjectId(5a7a4235907a2e50714dbe21),true,false,false,false,,,,,,false,false,833049448.1502989044
ObjectId(5a7a4235907a2e50714dbe22),false,false,false,false,,,,,,false,false,2057292239.1503076692
ObjectId(5a7a4235907a2e50714dbe23),false,false,false,false,,,,,,false,false,321134623.1503261992
ObjectId(5a7a4235907a2e50714dbe24),false,false,false,false,,,,,,false,false,280028409.1503573562
ObjectId(5a7a4235907a2e50714dbe25),false,false,false,false,,,,,,false,false,926660214.1503803405
ObjectId(5a7a4235907a2e50714dbe26),false,false,false,false,,,,,,false,false,1031571181.1503913281
ObjectId(5a7a4235907a2e50714dbe27),false,false,false,false,,,,,,false,false,434757250.1503925223
ObjectId(5a7a4235907a2e50714dbe28),false,false,false,false,,,,,,false,false,08ee373d-e20d-4684-930d-a5dbcdea45ae
ObjectId(5a7a4235907a2e50714dbe29),false,false,false,false,,,,,,false,false,2130981637.1503994259
ObjectId(5a7a4235907a2e50714dbe2a),true,false,false,false,,,,,,false,false,217673488.1489997120
ObjectId(5a7a4235907a2e50714dbe2b),false,false,false,false,,,,,,false,false,269928665.1504001570
ObjectId(5a7a4235907a2e50714dbe2c),false,true,true,true,false,0,11,0,1,false,false,a53f9566-e6e1-d6a0-5d17-383f71c10cf7
ObjectId(5a7a4235907a2e50714dbe2d),false,false,false,false,,,,,,false,false,da410b03-e75b-4abf-be96-27ce60a2809a
ObjectId(5a7a4235907a2e50714dbe2e),false,false,false,false,,,,,,false,false,10b14344-b300-4af4-a64d-87bb5c3c1260
ObjectId(5a7a4235907a2e50714dbe2f),false,false,false,false,,,,,,false,false,1173411027.1504100373
ObjectId(5a7a4235907a2e50714dbe30),true,true,true,true,true,0.11584028082492322,8,0.22465993856954805,0.6594997806055287,true,true,393473a0-a836-51f8-1678-3361e457a85c
ObjectId(5a7a4235907a2e50714dbe31),false,false,false,false,,,,,,false,false,08e33e54-12e8-a6ce-d0d4-a5bb41b2310b
ObjectId(5a7a4235907a2e50714dbe32),false,false,false,false,,,,,,false,false,f956a8cb-a1f5-276e-a3c1-62d6dff9134f
ObjectId(5a7a4235907a2e50714dbe33),false,false,false,false,,,,,,false,false,67ef1d01-ef5b-c756-8d80-2986a6056835
ObjectId(5a7a4235907a2e50714dbe34),false,false,false,false,,,,,,false,false,a76d6cae-a3c0-fecf-c296-7b2371914ecc
ObjectId(5a7a4235907a2e50714dbe35),false,false,false,false,,,,,,false,false,29166112-d38a-8d66-47ee-e9e5f71b1655
ObjectId(5a7a4235907a2e50714dbe36),false,false,false,false,,,,,,false,false,5ac18d7c-30ce-45f4-af34-17902b6eac00
ObjectId(5a7a4235907a2e50714dbe37),false,false,false,false,,,,,,false,false,a9ce54c2-1181-a121-f7b2-78ae58e3c681
ObjectId(5a7a4235907a2e50714dbe38),false,false,false,false,,,,,,false,false,feaa63f9-927c-dddf-6634-ec009f77debe
ObjectId(5a7a4235907a2e50714dbe39),false,false,false,false,,,,,,false,false,6786024a-74a2-9a23-6d94-00edfb53a984
ObjectId(5a7a4235907a2e50714dbe3a),false,false,false,false,,,,,,false,false,95b1bf58-6132-8491-f627-8f6440e51795
ObjectId(5a7a4235907a2e50714dbe3b),false,false,false,false,,,,,,false,false,acbfcd88-7fdc-a1f6-7c2e-aec1275d6407
ObjectId(5a7a4235907a2e50714dbe3c),false,false,false,false,,,,,,false,false,da01b7e0-f16d-ace8-50a3-5b9a0a65bb8b
ObjectId(5a7a4235907a2e50714dbe3d),false,false,false,false,,,,,,false,false,1de18ebb-e336-abe0-5866-db657eed8499
ObjectId(5a7a4235907a2e50714dbe3e),false,false,false,false,,,,,,false,false,3e6121b5-1871-42d5-a12d-0ae266dee855
ObjectId(5a7a4235907a2e50714dbe3f),false,false,false,false,,,,,,false,false,d560bb78-0b2e-0ac5-f1ec-6b1cba46625f
ObjectId(5a7a4235907a2e50714dbe40),false,false,false,false,,,,,,false,false,f7ce26d0-3b7c-8cfe-2bae-b7967ccf021a
ObjectId(5a7a4235907a2e50714dbe41),false,false,false,false,,,,,,false,false,21f5a76e-06e8-6dd5-a626-1f3b7bd26c1c
ObjectId(5a7a4235907a2e50714dbe42),false,false,false,false,,,,,,false,false,1e497a7d-c125-93c2-34e7-10873d09ec81
ObjectId(5a7a4235907a2e50714dbe43),false,false,false,false,,,,,,false,false,99a8c3fe-e164-b782-feca-ad596387853b
ObjectId(5a7a4235907a2e50714dbe44),true,false,false,false,,,,,,false,false,b9a0e36e-d1fe-97a5-fe4a-df261a837147
ObjectId(5a7a4235907a2e50714dbe45),false,false,false,false,,,,,,false,false,1f1dc22e-a679-7717-9953-1b35dbc9371c
ObjectId(5a7a4235907a2e50714dbe46),false,false,false,false,,,,,,false,false,24abb6da-21e9-d12f-95f9-575e1b150b7a
ObjectId(5a7a4235907a2e50714dbe47),false,false,false,false,,,,,,false,false,352d2085-5db2-4b86-856c-b2674265af49
ObjectId(5a7a4235907a2e50714dbe48),false,false,false,false,,,,,,false,false,594c0f8a-7423-4d91-8944-c216a4630870
ObjectId(5a7a4235907a2e50714dbe49),false,false,false,false,,,,,,false,false,8c61195c-069f-141f-db51-6ab70a351ce9
ObjectId(5a7a4235907a2e50714dbe4a),false,false,false,false,,,,,,false,false,1499245900.1503360000
ObjectId(5a7a4235907a2e50714dbe4b),true,false,false,false,,,,,,false,false,9480532d-faba-1608-9f9f-7a86ac048c84
ObjectId(5a7a4235907a2e50714dbe4c),false,false,false,false,,,,,,false,false,ac21caf0-bd63-09d8-d8c2-5040fa2c306c
ObjectId(5a7a4235907a2e50714dbe4d),false,false,false,false,,,,,,false,false,5185e9f5-364e-4860-a8aa-05406daacabe
ObjectId(5a7a4235907a2e50714dbe4e),false,false,false,false,,,,,,false,false,e1327ef2-9258-879e-46ad-6484dc7ee3fe
ObjectId(5a7a4235907a2e50714dbe4f),false,false,false,false,,,,,,false,false,1013ee90-27f7-452f-bdb2-905c238bfe90
ObjectId(5a7a4235907a2e50714dbe50),false,false,false,false,,,,,,false,false,14081adf-fd2d-1943-6479-92eaf61bb752
ObjectId(5a7a4235907a2e50714dbe51),false,false,false,false,,,,,,false,false,150164f0-d1b6-4bf7-05db-f50bfc6452af
ObjectId(5a7a4235907a2e50714dbe52),false,false,false,false,,,,,,false,false,b036dba6-e2fc-d572-01f1-d8785a24f02f
ObjectId(5a7a4235907a2e50714dbe53),false,false,false,false,,,,,,false,false,b7ea0b72-9b79-b1d7-95f6-16d2d12f8632
ObjectId(5a7a4235907a2e50714dbe54),false,false,false,false,,,,,,false,false,b8370935-1810-7c59-2c9e-2306b231fed1
ObjectId(5a7a4235907a2e50714dbe55),false,false,false,false,,,,,,false,false,299eb9f7-2130-4bdc-a83f-ff42fb2e20c4
ObjectId(5a7a4235907a2e50714dbe56),true,true,true,true,true,0.10704225352112676,7,0.15492957746478872,0.7380281690140845,true,true,593c8778-cc7d-40cc-ae26-0293e53be96b
ObjectId(5a7a4235907a2e50714dbe57),false,false,false,false,,,,,,false,false,775afdc1-31b6-4caf-b4b8-af1f19a88a94
ObjectId(5a7a4235907a2e50714dbe58),false,false,false,false,,,,,,false,false,90bfbcd9-1282-d345-d60a-c51d9ba38cbf
ObjectId(5a7a4235907a2e50714dbe59),false,false,false,false,,,,,,false,false,b52f8e65-6bc0-44ba-bb54-639d25f371e7
ObjectId(5a7a4235907a2e50714dbe5a),false,false,false,false,,,,,,false,false,099d08ae-37a5-c31d-5dc5-c71fb4998499
ObjectId(5a7a4235907a2e50714dbe5b),false,false,false,false,,,,,,false,false,1473454456.1503360000
ObjectId(5a7a4235907a2e50714dbe5c),false,false,false,false,,,,,,false,false,80c4d2ea-a114-4adc-a8a1-937936ed243b
ObjectId(5a7a4235907a2e50714dbe5d),false,false,false,false,,,,,,false,false,ac3e22f0-813b-b3bf-0294-da611f26d373
ObjectId(5a7a4235907a2e50714dbe5e),false,true,true,true,false,,,,,false,false,b58bb001-5a48-30c7-df19-af55ba4bb01c
ObjectId(5a7a4235907a2e50714dbe5f),false,false,false,false,,,,,,false,false,e93f9ac1-d5a4-a5e7-019c-c748b3e2d462
ObjectId(5a7a4235907a2e50714dbe60),true,false,false,false,true,0.0361947469570788,5.5,0.008327994875080076,0.9554772581678411,true,true,38416ee3-eecd-6436-0b6c-c147c1543331
ObjectId(5a7a4235907a2e50714dbe61),false,false,false,false,,,,,,false,false,66c2e911-b9d0-494b-96eb-af4ccc5d5254
ObjectId(5a7a4235907a2e50714dbe62),false,false,false,false,,,,,,false,false,aa5fbe5a-7325-41aa-9882-33b948a4f7be
ObjectId(5a7a4235907a2e50714dbe63),false,false,false,false,,,,,,false,false,b22a090a-466a-8b71-02d0-671bb80d4f4a
ObjectId(5a7a4235907a2e50714dbe64),false,false,false,false,,,,,,false,false,320d241b-d7e6-4300-b56e-13714b281981
ObjectId(5a7a4235907a2e50714dbe65),false,false,false,false,,,,,,false,false,5e61b4ef-f20c-49ce-b836-1cd2d31e52d8
ObjectId(5a7a4235907a2e50714dbe66),true,true,true,true,false,0,4,0.21739130434782608,0.782608695652174,false,false,909f1409-3f80-efda-0701-10cedacfaebb
ObjectId(5a7a4235907a2e50714dbe67),false,false,false,false,,,,,,false,false,c6e434b1-9dcd-2ec7-d7e8-f7129fae284c
ObjectId(5a7a4235907a2e50714dbe68),true,true,true,true,true,0.015503875968992248,8,0.16279069767441862,0.8217054263565892,false,true,f5795e57-94cc-4412-a364-18c290881d13
ObjectId(5a7a4235907a2e50714dbe69),false,false,false,false,,,,,,false,false,fca88cd6-1fe1-1590-e63a-424e9d0f4cec
ObjectId(5a7a4235907a2e50714dbe6a),false,false,false,false,,,,,,false,false,d74c4dbd-7fc5-d847-03e8-67c5111e16dc
ObjectId(5a7a4235907a2e50714dbe6b),false,false,false,false,,,,,,false,false,5134845e-7e26-e807-c884-6c3f81c5511f
ObjectId(5a7a4235907a2e50714dbe6c),false,false,false,false,,,,,,false,false,a95a5f1c-0d6b-caf0-3ba4-4e58cdaf37af
ObjectId(5a7a4235907a2e50714dbe6d),false,false,false,false,,,,,,false,false,da1a606c-b48d-6d63-7bb8-54b20a5bba19
ObjectId(5a7a4235907a2e50714dbe6e),false,false,false,false,,,,,,false,false,61357317-8ee8-deb3-54b9-33158ad8ffd4
ObjectId(5a7a4235907a2e50714dbe6f),false,false,false,false,,,,,,false,false,a5a08e9b-69dd-433b-93dd-63b715238cb4
ObjectId(5a7a4235907a2e50714dbe70),false,false,false,false,,,,,,false,false,c8dbf442-1f49-87b6-6285-9609151b12aa
ObjectId(5a7a4235907a2e50714dbe71),false,false,false,false,,,,,,false,false,e7e56529-dc22-2477-de26-bde98e08fe63
ObjectId(5a7a4235907a2e50714dbe72),false,false,false,false,,,,,,false,false,6241e75d-6536-79c3-338b-0b3f5c9bfa6b
ObjectId(5a7a4235907a2e50714dbe73),false,false,false,false,,,,,,false,false,5ab00dbc-244b-c432-6ae1-0c0ef5d2ad09
ObjectId(5a7a4235907a2e50714dbe74),false,false,false,false,,,,,,false,false,5c172afb-a999-50f4-4d27-198786598373
ObjectId(5a7a4235907a2e50714dbe75),false,false,false,false,,,,,,false,false,e773b1f0-ff29-3e6e-34cf-aa1cf50deea0
ObjectId(5a7a4235907a2e50714dbe76),false,false,false,false,,,,,,false,false,17f50805-f301-fb5f-2ea6-ad5f7e65239e
ObjectId(5a7a4235907a2e50714dbe77),false,false,false,false,,,,,,false,false,27d89ec9-4eb3-45bc-98b1-2fccc06443ac
ObjectId(5a7a4235907a2e50714dbe78),false,false,false,false,,,,,,false,false,492d0dc0-57ba-454f-90b3-baba82e1b5e6
ObjectId(5a7a4235907a2e50714dbe79),false,false,false,false,,,,,,false,false,7ae8ff0c-b051-437c-abb1-152d8df2d98e
ObjectId(5a7a4235907a2e50714dbe7a),false,false,false,false,,,,,,false,false,86534b8c-78d9-c74c-7ff6-4fa89be6a2b8
ObjectId(5a7a4235907a2e50714dbe7b),false,false,false,false,,,,,,false,false,fbfdcfb4-3f49-4470-9908-d5bb09b7480b
ObjectId(5a7a4235907a2e50714dbe7c),false,false,false,false,,,,,,false,false,21514d0e-4abf-4432-967e-ef87b7050257
ObjectId(5a7a4235907a2e50714dbe7d),false,false,false,false,,,,,,false,false,3c7fc63f-a8f0-e67a-ec4a-e95220f780de
ObjectId(5a7a4235907a2e50714dbe7e),false,false,false,false,,,,,,false,false,6723db8c-f021-4666-b811-d7ce51a25cd3
ObjectId(5a7a4235907a2e50714dbe7f),false,false,false,false,,,,,,false,false,6f54880b-871a-4937-80b2-7c591668d203
ObjectId(5a7a4235907a2e50714dbe80),true,true,true,true,true,0.026252983293556086,7,0.31415651300087927,0.6595905037055646,true,true,d98c1dd4-008f-04b2-e980-0998ecf8427e
ObjectId(5a7a4235907a2e50714dbe81),false,false,false,false,,,,,,false,false,e223e22b-9e49-46a8-8c45-13cd7620f768
ObjectId(5a7a4235907a2e50714dbe82),false,false,false,false,,,,,,false,false,edd070d8-9f3c-451b-8b64-8161dfe912f4
ObjectId(5a7a4235907a2e50714dbe83),false,false,false,false,,,,,,false,false,08b66bd3-429d-41ad-a0b3-cb2b6111678d
ObjectId(5a7a4235907a2e50714dbe84),false,false,false,false,,,,,,false,false,1171590318.1504267567
ObjectId(5a7a4235907a2e50714dbe85),true,false,false,false,,,,,,false,false,1785950967.1507150465
ObjectId(5a7a4235907a2e50714dbe86),true,false,false,false,,,,,,false,false,2113421896.1507120715
ObjectId(5a7a4235907a2e50714dbe87),false,false,false,false,,,,,,false,false,2b25d71f-03d4-4051-a3a9-7bb9106fbe17
ObjectId(5a7a4235907a2e50714dbe88),true,true,true,true,false,,,,,false,true,89ea6356-e71c-44cf-8640-0dc3a463500a
ObjectId(5a7a4235907a2e50714dbe89),false,false,false,false,,,,,,false,false,1037296474.1495037466
ObjectId(5a7a4235907a2e50714dbe8a),false,false,false,false,,,,,,false,false,1473454456.1492992000
ObjectId(5a7a4235907a2e50714dbe8b),false,false,false,false,,,,,,false,false,1730114459.1495014618
ObjectId(5a7a4235907a2e50714dbe8c),false,true,true,true,false,,,,,false,false,26622883-6422-462f-91e3-caef979b4a85
ObjectId(5a7a4235907a2e50714dbe8d),true,true,true,true,false,,,,,false,false,56070254-a3e6-42a6-ad94-7812f8be643f
ObjectId(5a7a4235907a2e50714dbe8e),true,false,false,false,,,,,,false,false,1486301273.1494407430
ObjectId(5a7a4235907a2e50714dbe8f),true,true,true,true,false,,,,,false,false,e84139e3-f792-495b-a8c8-1048b1ebe55a
ObjectId(5a7a4235907a2e50714dbe90),false,false,false,false,,,,,,false,false,330181656.1495208467
ObjectId(5a7a4235907a2e50714dbe91),false,false,false,false,,,,,,false,false,516031693.1495447236
ObjectId(5a7a4235907a2e50714dbe92),true,false,false,false,,,,,,false,false,1693050209.1495612813
ObjectId(5a7a4235907a2e50714dbe93),false,false,false,false,,,,,,false,false,1631915737.1495739798
ObjectId(5a7a4235907a2e50714dbe94),false,false,false,false,,,,,,false,false,1120344435.1495789888
ObjectId(5a7a4235907a2e50714dbe95),true,false,false,false,,,,,,false,false,428838445.1493132845
ObjectId(5a7a4235907a2e50714dbe96),true,true,true,true,false,,,,,false,false,7354e666-8d8a-4be3-8c4b-36de1797cc77
ObjectId(5a7a4235907a2e50714dbe97),true,false,false,false,,,,,,false,false,260081678.1484763904
ObjectId(5a7a4235907a2e50714dbe98),false,false,false,false,,,,,,false,false,1473454456.1495584000
ObjectId(5a7a4235907a2e50714dbe99),false,false,false,false,,,,,,false,false,2108762447.1495958108
ObjectId(5a7a4235907a2e50714dbe9a),false,false,false,false,,,,,,false,false,1879669760.1496054788
ObjectId(5a7a4235907a2e50714dbe9b),true,false,false,false,,,,,,false,false,1898366086.1496069330
ObjectId(5a7a4235907a2e50714dbe9c),true,true,true,true,false,,,,,false,false,282cd8b3-27a6-4b1a-a7d4-e4a4a7840ac3
ObjectId(5a7a4235907a2e50714dbe9d),true,true,true,true,false,,,,,false,false,2cb5a46b-5d39-4c71-947f-5ef9a8f9975c
ObjectId(5a7a4235907a2e50714dbe9e),false,false,false,false,,,,,,false,false,4466796.1494435149
ObjectId(5a7a4235907a2e50714dbe9f),false,false,false,false,,,,,,false,false,729325056.1496054282
ObjectId(5a7a4235907a2e50714dbea0),false,true,true,true,false,,,,,false,false,f173bdbc-3e59-4242-83f1-ddb3100c501a
ObjectId(5a7a4235907a2e50714dbea1),true,true,true,true,false,,,,,false,false,2a38740a-f036-47c9-9a87-071929d93e8f
ObjectId(5a7a4235907a2e50714dbea2),false,false,false,false,,,,,,false,false,434757250.1496103424
ObjectId(5a7a4235907a2e50714dbea3),true,false,false,false,,,,,,false,false,1175202886.1488528703
ObjectId(5a7a4235907a2e50714dbea4),true,false,false,false,,,,,,false,false,1343061321.1496222504
ObjectId(5a7a4235907a2e50714dbea5),true,false,false,false,,,,,,false,false,1432335858.1496222557
ObjectId(5a7a4235907a2e50714dbea6),true,false,false,false,,,,,,false,false,1041722927.1496294654
ObjectId(5a7a4235907a2e50714dbea7),false,false,false,false,,,,,,false,false,1130643931.1496296144
ObjectId(5a7a4235907a2e50714dbea8),true,false,false,false,,,,,,false,false,144118306.1496294499
ObjectId(5a7a4235907a2e50714dbea9),false,false,false,false,,,,,,false,false,1661455835.1496343147
ObjectId(5a7a4235907a2e50714dbeaa),true,false,false,false,,,,,,false,false,1738034301.1496342166
ObjectId(5a7a4235907a2e50714dbeab),false,false,false,false,,,,,,false,false,246587562.1496302134
ObjectId(5a7a4235907a2e50714dbeac),true,false,false,false,,,,,,false,false,658343713.1496298681
ObjectId(5a7a4235907a2e50714dbead),true,false,false,false,,,,,,false,false,829963763.1496298199
ObjectId(5a7a4235907a2e50714dbeae),false,false,false,false,,,,,,false,false,405325655.1496398501
ObjectId(5a7a4235907a2e50714dbeaf),true,false,false,false,,,,,,false,false,311141789.1496659586
ObjectId(5a7a4235907a2e50714dbeb0),true,false,false,false,,,,,,false,false,1793378755.1496945441
ObjectId(5a7a4235907a2e50714dbeb1),false,false,false,false,,,,,,false,false,1367827252.1497028134
ObjectId(5a7a4235907a2e50714dbeb2),true,false,false,false,,,,,,false,false,1374127710.1497021989
ObjectId(5a7a4235907a2e50714dbeb3),false,false,false,false,,,,,,false,false,1863982031.1497028824
ObjectId(5a7a4235907a2e50714dbeb4),false,false,false,false,,,,,,false,false,1992311403.1497000868
ObjectId(5a7a4235907a2e50714dbeb5),false,false,false,false,,,,,,false,false,2055849021.1497015069
ObjectId(5a7a4235907a2e50714dbeb6),true,false,false,false,,,,,,false,false,268939330.1497023161
ObjectId(5a7a4235907a2e50714dbeb7),false,false,false,false,,,,,,false,false,365638500.1497016149
ObjectId(5a7a4235907a2e50714dbeb8),false,false,false,false,,,,,,false,false,218873736.1497116293
ObjectId(5a7a4235907a2e50714dbeb9),true,false,false,false,,,,,,false,false,1458971112.1497282322
ObjectId(5a7a4235907a2e50714dbeba),true,false,false,false,,,,,,false,false,2118907718.1497282080
ObjectId(5a7a4235907a2e50714dbebb),true,false,false,false,,,,,,false,false,1452277031.1497364054
ObjectId(5a7a4235907a2e50714dbebc),true,false,false,false,,,,,,false,false,1849971171.1497362224
ObjectId(5a7a4235907a2e50714dbebd),false,false,false,false,,,,,,false,false,1898962596.1468484524
ObjectId(5a7a4235907a2e50714dbebe),true,false,false,false,,,,,,false,false,727338926.1497364393
ObjectId(5a7a4235907a2e50714dbebf),true,true,true,true,false,0,16,0,1,false,true,0f98c8d9-e66f-4406-82d4-bb2a3c06baa1
ObjectId(5a7a4235907a2e50714dbec0),false,false,false,false,,,,,,false,false,1805936987.1497455051
ObjectId(5a7a4235907a2e50714dbec1),false,false,false,false,,,,,,false,false,434757250.1497478039
ObjectId(5a7a4235907a2e50714dbec2),false,false,false,false,,,,,,false,false,446328204.1497414662
ObjectId(5a7a4235907a2e50714dbec3),true,false,false,false,,,,,,false,false,621908237.1497467921
ObjectId(5a7a4235907a2e50714dbec4),false,true,true,true,false,0,32,0,1,false,false,asdasdasd
ObjectId(5a7a4235907a2e50714dbec5),true,true,true,true,false,0,7,0,1,false,false,c923c7ee-bba0-4295-b3c8-00f303f17cde
ObjectId(5a7a4235907a2e50714dbec6),false,false,false,true,false,0,5,0,1,false,false,fc8c5605-f212-4873-9041-a7627601fa6c
ObjectId(5a7a4235907a2e50714dbec7),false,false,false,false,,,,,,false,false,33113079.1497624407
ObjectId(5a7a4235907a2e50714dbec8),true,false,false,false,,,,,,false,false,613226583.1497605022
ObjectId(5a7a4235907a2e50714dbec9),false,false,false,false,,,,,,false,false,1499245900.1495584000
ObjectId(5a7a4235907a2e50714dbeca),false,false,false,false,,,,,,false,false,11739783.1497773732
ObjectId(5a7a4235907a2e50714dbecb),true,false,false,false,,,,,,false,false,1434011899.1497863669
ObjectId(5a7a4235907a2e50714dbecc),false,false,false,false,,,,,,false,false,1544387845.1498030960
ObjectId(5a7a4235907a2e50714dbecd),true,false,false,false,,,,,,false,false,454600045.1498028512
ObjectId(5a7a4235907a2e50714dbece),false,false,false,false,,,,,,false,false,2055080726.1498405895
ObjectId(5a7a4235907a2e50714dbecf),true,false,false,false,,,,,,false,false,647879605.1498397335
ObjectId(5a7a4235907a2e50714dbed0),false,false,false,false,,,,,,false,false,1edb7974-b739-466c-b1f7-5e1cf0e75703
ObjectId(5a7a4235907a2e50714dbed1),false,true,true,true,false,0,39,0,1,false,false,2c290b88-9bcf-50ca-bd4e-b3ec9f8040d4
ObjectId(5a7a4235907a2e50714dbed2),false,true,true,true,false,0,11,0,1,false,false,341a621c-7251-de3b-4265-0c751c600384
ObjectId(5a7a4235907a2e50714dbed3),false,false,false,false,,,,,,false,false,36ecf51e-2168-4520-8708-8428ff04eada
ObjectId(5a7a4235907a2e50714dbed4),false,false,false,false,,,,,,false,false,3dd31e60-fdad-4512-846c-c8bc6928866f
ObjectId(5a7a4235907a2e50714dbed5),true,true,true,true,true,0.16153846153846155,14,0,0.8384615384615385,false,false,6cdfab4b-ec1f-a3cc-ca1e-b700e2cd34ed
ObjectId(5a7a4235907a2e50714dbed6),false,false,false,false,,,,,,false,false,a2f76093-e228-4750-8a3e-b8275f479541
ObjectId(5a7a4235907a2e50714dbed7),false,false,false,false,,,,,,false,false,e41aa015-edf1-430d-8f8f-5e35b58a7074
ObjectId(5a7a4235907a2e50714dbed8),false,false,false,false,,,,,,false,false,0a69155e-7c6e-4d1b-92cd-310c7d7f20b8
ObjectId(5a7a4235907a2e50714dbed9),false,false,false,false,,,,,,false,false,39b84f55-022a-444b-a63a-f35273f96069
ObjectId(5a7a4235907a2e50714dbeda),false,true,true,true,false,0,10,0,1,false,false,40260db6-32f8-d08e-63ac-e1dc298b3be8
ObjectId(5a7a4235907a2e50714dbedb),false,false,false,false,,,,,,false,false,646fba4b-4b2c-4aa6-82ae-a08dadd1e2c9
ObjectId(5a7a4235907a2e50714dbedc),true,false,false,false,,,,,,false,false,729499006.1498676126
ObjectId(5a7a4235907a2e50714dbedd),false,true,true,true,false,0,9,0,1,false,false,93b4ebc1-063e-56ce-1748-3f665e26627c
ObjectId(5a7a4235907a2e50714dbede),false,false,false,false,,,,,,false,false,9523de1c-ff0b-42f2-9187-df206b31a0d4
ObjectId(5a7a4235907a2e50714dbedf),false,false,false,false,,,,,,false,false,9658ea95-599c-4528-b593-c2e07043269f
ObjectId(5a7a4235907a2e50714dbee0),true,true,true,true,true,0.0038797284190106693,10,0.05625606207565471,0.9398642095053347,true,true,ace6bee2-fad9-ad8e-658d-a5f03c167ce8
ObjectId(5a7a4235907a2e50714dbee1),false,false,false,false,,,,,,false,false,bb7b6914-1f56-431b-9c88-0e506a827747
ObjectId(5a7a4235907a2e50714dbee2),true,true,true,true,true,0.0473186119873817,15,0.3280757097791798,0.6246056782334385,false,true,bc92bdd5-b49c-fd7a-bd06-3fae80a50b0f
ObjectId(5a7a4235907a2e50714dbee3),false,false,false,false,,,,,,false,false,c0031bc8-29aa-43e1-b881-6260341d86d3
ObjectId(5a7a4235907a2e50714dbee4),false,false,false,false,,,,,,false,false,c5f81005-7803-485f-9bf6-35903c8d07e4
ObjectId(5a7a4235907a2e50714dbee5),true,true,true,true,true,0.6144144144144145,10,0.01756756756756757,0.36801801801801803,true,true,c990a46a-04a0-644e-04e8-49faf3418c28
ObjectId(5a7a4235907a2e50714dbee6),true,true,true,true,false,0,15,0.3023255813953488,0.6976744186046512,false,true,d154ea85-303d-2ec2-c1de-d1a4a7f7aa56
ObjectId(5a7a4235907a2e50714dbee7),false,false,false,false,,,,,,false,false,434757250.1498734767
ObjectId(5a7a4235907a2e50714dbee8),false,false,false,false,,,,,,false,false,587842601.1498817534
ObjectId(5a7a4235907a2e50714dbee9),false,false,false,false,,,,,,false,false,1498176000.1498176000
ObjectId(5a7a4235907a2e50714dbeea),false,false,false,false,,,,,,false,false,1674713600.1498895687
ObjectId(5a7a4235907a2e50714dbeeb),false,false,false,false,,,,,,false,false,1771033345.1498129927
ObjectId(5a7a4235907a2e50714dbeec),false,false,false,false,,,,,,false,false,1976451861.1499078500
ObjectId(5a7a4235907a2e50714dbeed),false,false,false,false,,,,,,false,false,153791459.1499152003
ObjectId(5a7a4235907a2e50714dbeee),false,false,false,false,,,,,,false,false,1652743812.1499169747
ObjectId(5a7a4235907a2e50714dbeef),false,false,false,false,,,,,,false,false,2143785219.1499169806
ObjectId(5a7a4235907a2e50714dbef0),false,false,false,false,,,,,,false,false,320005152.1499169104
ObjectId(5a7a4235907a2e50714dbef1),false,false,false,false,,,,,,false,false,3341e1c2-421f-4124-b889-968d76fa6fab
ObjectId(5a7a4235907a2e50714dbef2),false,false,false,false,,,,,,false,false,5a935f09-e715-4e0f-842b-b60952293257
ObjectId(5a7a4235907a2e50714dbef3),true,false,false,false,,,,,,false,false,617748564.1499154247
ObjectId(5a7a4235907a2e50714dbef4),false,false,false,false,,,,,,false,false,ef9e31dc-d0fe-4b17-8669-abcdef934e5e
ObjectId(5a7a4235907a2e50714dbef5),false,false,false,false,,,,,,false,false,10642629-5e72-4db7-8a04-653e1d7ad549
ObjectId(5a7a4235907a2e50714dbef6),false,false,false,false,,,,,,false,false,1b76fa57-77cb-4f51-8233-3c8877ae899e
ObjectId(5a7a4235907a2e50714dbef7),false,false,false,false,,,,,,false,false,3e8c3a37-a367-490e-ac1f-edd338d4d71c
ObjectId(5a7a4235907a2e50714dbef8),true,true,true,true,true,0.2830188679245283,10.5,0.08086253369272237,0.6361185983827493,false,true,59e8d99a-348f-afc9-d52c-091eac2cd9f3
ObjectId(5a7a4235907a2e50714dbef9),true,true,true,true,true,0.17592592592592593,5,0.046296296296296294,0.7777777777777778,false,false,92e3f24d-7a4d-97a0-d2ec-376101ec33f7
ObjectId(5a7a4235907a2e50714dbefa),false,false,false,false,,,,,,false,false,9d58828d-1ff9-4a26-bc9c-86a7acb8c099
ObjectId(5a7a4235907a2e50714dbefb),false,false,false,false,,,,,,false,false,a1eaaa5d-d3b2-4203-b1c9-c2bb382d0b7f
ObjectId(5a7a4235907a2e50714dbefc),false,false,false,false,,,,,,false,false,b5cf0c76-0a89-4929-b788-c02744e96d36
ObjectId(5a7a4235907a2e50714dbefd),false,false,false,false,,,,,,false,false,b826ac30-92e0-4582-a6f8-8ab22aac20b7
ObjectId(5a7a4235907a2e50714dbefe),false,false,false,false,,,,,,false,false,00a8ec4b-6cb2-4879-86f2-2fb975ab550e
ObjectId(5a7a4235907a2e50714dbeff),false,false,false,false,,,,,,false,false,080e6729-c9fc-4ccc-9d99-b2065287a8b7
ObjectId(5a7a4235907a2e50714dbf00),false,false,false,false,,,,,,false,false,11a60845-b4b0-4f2f-be4e-ebc7aa9e23f8
ObjectId(5a7a4235907a2e50714dbf01),true,true,true,true,true,0.4823529411764706,4,0,0.5176470588235295,false,false,17c20a33-7a5e-96bf-6283-e7da0f87aed7
ObjectId(5a7a4235907a2e50714dbf02),false,false,false,false,,,,,,false,false,1d9d30da-0f0b-4027-af47-e0962fd75058
ObjectId(5a7a4235907a2e50714dbf03),false,false,false,false,,,,,,false,false,1f1b7f85-cd61-4b64-a14f-b8021d854b21
ObjectId(5a7a4235907a2e50714dbf04),false,false,false,false,,,,,,false,false,1f780201-e8e7-41d1-80e4-46503c55e9eb
ObjectId(5a7a4235907a2e50714dbf05),true,true,true,true,true,0.05103402268178786,8,0.3322214809873249,0.6167444963308872,true,true,20e2c0fd-d657-fa21-fc87-15d9d82864e2
ObjectId(5a7a4235907a2e50714dbf06),false,false,false,false,,,,,,false,false,234820318.1499323367
ObjectId(5a7a4235907a2e50714dbf07),false,false,false,false,,,,,,false,false,23daacb2-4622-4f61-a74c-3e365b0c50a0
ObjectId(5a7a4235907a2e50714dbf08),true,true,true,true,true,0.23523763802208353,8,0.14114258281325012,0.6236197791646664,true,true,2438b782-312b-b078-a37f-0de667fbc220
ObjectId(5a7a4235907a2e50714dbf09),true,true,true,true,true,0.1569544164301219,15,0.1307396894306228,0.7123058941392553,true,true,2b94c6e2-8f8b-58f3-446f-c68533b2eedd
ObjectId(5a7a4235907a2e50714dbf0a),false,false,false,false,,,,,,false,false,1136413853.1483138740
ObjectId(5a7a4235907a2e50714dbf0b),false,false,false,false,,,,,,false,false,1502460761.1483381881
ObjectId(5a7a4235907a2e50714dbf0c),false,false,false,false,,,,,,false,false,1018258710.1484143172
ObjectId(5a7a4235907a2e50714dbf0d),true,false,false,false,,,,,,false,false,1315518581.1484141667
ObjectId(5a7a4235907a2e50714dbf0e),false,false,false,false,,,,,,false,false,1333641917.1484138557
ObjectId(5a7a4235907a2e50714dbf0f),true,false,false,false,,,,,,false,false,1726714213.1484143309
ObjectId(5a7a4235907a2e50714dbf10),true,false,false,false,,,,,,false,false,1815103822.1465797081
ObjectId(5a7a4235907a2e50714dbf11),false,false,false,false,,,,,,false,false,310542530.1473592786
ObjectId(5a7a4235907a2e50714dbf12),false,false,false,false,,,,,,false,false,367348722.1484141715
ObjectId(5a7a4235907a2e50714dbf13),true,false,false,false,,,,,,false,false,467552098.1484144500
ObjectId(5a7a4235907a2e50714dbf14),false,false,false,false,,,,,,false,false,588220086.1484142300
ObjectId(5a7a4235907a2e50714dbf15),true,false,false,false,,,,,,false,false,981906019.1484142500
ObjectId(5a7a4235907a2e50714dbf16),false,false,false,false,,,,,,false,false,1499245900.1482624000
ObjectId(5a7a4235907a2e50714dbf17),true,false,false,false,,,,,,false,false,1502598412.1484334602
ObjectId(5a7a4235907a2e50714dbf18),false,false,false,false,,,,,,false,false,1911454640.1481136850
ObjectId(5a7a4235907a2e50714dbf19),true,false,false,false,,,,,,false,false,417643969.1424247462
ObjectId(5a7a4235907a2e50714dbf1a),false,false,false,false,,,,,,false,false,805723453.1484405572
ObjectId(5a7a4235907a2e50714dbf1b),false,false,false,false,,,,,,false,false,1761506108.1484506957
ObjectId(5a7a4235907a2e50714dbf1c),false,false,false,false,,,,,,false,false,1888619492.1484576890
ObjectId(5a7a4235907a2e50714dbf1d),false,false,false,false,,,,,,false,false,1627152026.1484676428
ObjectId(5a7a4235907a2e50714dbf1e),false,false,false,false,,,,,,false,false,2103280591.1483950487
ObjectId(5a7a4235907a2e50714dbf1f),true,false,false,false,,,,,,false,false,2139110781.1472803131
ObjectId(5a7a4235907a2e50714dbf20),true,false,false,false,,,,,,false,false,622376622.1476176405
ObjectId(5a7a4235907a2e50714dbf21),true,false,false,false,,,,,,false,false,652902932.1484718195
ObjectId(5a7a4235907a2e50714dbf22),true,false,false,false,,,,,,false,false,538997118.1484817116
ObjectId(5a7a4235907a2e50714dbf23),true,false,false,false,,,,,,false,false,1266957680.1481169135
ObjectId(5a7a4235907a2e50714dbf24),true,false,false,false,,,,,,false,false,1242174926.1485010487
ObjectId(5a7a4235907a2e50714dbf25),false,false,false,false,,,,,,false,false,721919283.1485085233
ObjectId(5a7a4235907a2e50714dbf26),false,false,false,false,,,,,,false,false,1200659761.1482136324
ObjectId(5a7a4235907a2e50714dbf27),false,false,false,false,,,,,,false,false,1241421098.1485166502
ObjectId(5a7a4235907a2e50714dbf28),false,false,false,false,,,,,,false,false,1474054703.1485198026
ObjectId(5a7a4235907a2e50714dbf29),true,false,false,false,,,,,,false,false,1936080288.1485137177
ObjectId(5a7a4235907a2e50714dbf2a),true,false,false,false,,,,,,false,false,535184339.1485166223
ObjectId(5a7a4235907a2e50714dbf2b),false,false,false,false,,,,,,false,false,882063407.1485166068
ObjectId(5a7a4235907a2e50714dbf2c),false,false,false,false,,,,,,false,false,948570286.1485166459
ObjectId(5a7a4235907a2e50714dbf2d),true,false,false,false,,,,,,false,false,964820680.1485166182
ObjectId(5a7a4235907a2e50714dbf2e),false,false,false,false,,,,,,false,false,1074766383.1485257885
ObjectId(5a7a4235907a2e50714dbf2f),false,false,false,false,,,,,,false,false,1174635560.1485238795
ObjectId(5a7a4235907a2e50714dbf30),false,false,false,false,,,,,,false,false,145692931.1485242101
ObjectId(5a7a4235907a2e50714dbf31),false,false,false,false,,,,,,false,false,1752633260.1485260960
ObjectId(5a7a4235907a2e50714dbf32),false,false,false,false,,,,,,false,false,2090414607.1485261005
ObjectId(5a7a4235907a2e50714dbf33),false,false,false,false,,,,,,false,false,27796083.1485257971
ObjectId(5a7a4235907a2e50714dbf34),false,false,false,false,,,,,,false,false,371213360.1485257788
ObjectId(5a7a4235907a2e50714dbf35),false,false,false,false,,,,,,false,false,473333108.1485251369
ObjectId(5a7a4235907a2e50714dbf36),false,false,false,false,,,,,,false,false,605054503.1485258148
ObjectId(5a7a4235907a2e50714dbf37),false,false,false,false,,,,,,false,false,723746370.1485238964
ObjectId(5a7a4235907a2e50714dbf38),false,false,false,false,,,,,,false,false,1109565229.1485347657
ObjectId(5a7a4235907a2e50714dbf39),false,false,false,false,,,,,,false,false,1858023774.1485347967
ObjectId(5a7a4235907a2e50714dbf3a),false,false,false,false,,,,,,false,false,1472689395.1485434196
ObjectId(5a7a4235907a2e50714dbf3b),false,false,false,false,,,,,,false,false,1738468132.1485427636
ObjectId(5a7a4235907a2e50714dbf3c),true,false,false,false,,,,,,false,false,287916116.1485517047
ObjectId(5a7a4235907a2e50714dbf3d),false,false,false,false,,,,,,false,false,362494050.1485517062
ObjectId(5a7a4235907a2e50714dbf3e),false,false,false,false,,,,,,false,false,1499245900.1485216000
ObjectId(5a7a4235907a2e50714dbf3f),true,false,false,false,,,,,,false,false,1121804171.1485517197
ObjectId(5a7a4235907a2e50714dbf40),false,false,false,false,,,,,,false,false,656288570.1484826300
ObjectId(5a7a4235907a2e50714dbf41),false,false,false,false,,,,,,false,false,1473454456.1485216000
ObjectId(5a7a4235907a2e50714dbf42),false,false,false,false,,,,,,false,false,394779057.1486104878
ObjectId(5a7a4235907a2e50714dbf43),true,false,false,false,,,,,,false,false,471193548.1486371501
ObjectId(5a7a4235907a2e50714dbf44),true,false,false,false,,,,,,false,false,1523318114.1486661404
ObjectId(5a7a4235907a2e50714dbf45),false,false,false,false,,,,,,false,false,1778541616.1486633931
ObjectId(5a7a4235907a2e50714dbf46),false,false,false,false,,,,,,false,false,2096846276.1486730586
ObjectId(5a7a4235907a2e50714dbf47),false,false,false,false,,,,,,false,false,940682356.1487025551
ObjectId(5a7a4235907a2e50714dbf48),false,false,false,false,,,,,,false,false,1468679869.1487074997
ObjectId(5a7a4235907a2e50714dbf49),true,false,false,false,,,,,,false,false,1943712803.1487111578
ObjectId(5a7a4235907a2e50714dbf4a),true,false,false,false,,,,,,false,false,1115512518.1487431112
ObjectId(5a7a4235907a2e50714dbf4b),true,false,false,false,,,,,,false,false,370710244.1487692554
ObjectId(5a7a4235907a2e50714dbf4c),true,false,false,false,,,,,,false,false,18902582.1487794093
ObjectId(5a7a4235907a2e50714dbf4d),false,false,false,false,,,,,,false,false,1499245900.1487721600
ObjectId(5a7a4235907a2e50714dbf4e),false,false,false,false,,,,,,false,false,168123322.1487873158
ObjectId(5a7a4235907a2e50714dbf4f),true,false,false,false,,,,,,false,false,493479254.1487861066
ObjectId(5a7a4235907a2e50714dbf50),true,false,false,false,,,,,,false,false,1371047533.1488224492
ObjectId(5a7a4235907a2e50714dbf51),true,false,false,false,,,,,,false,false,1916745181.1488310997
ObjectId(5a7a4235907a2e50714dbf52),false,false,false,false,,,,,,false,false,2035809347.1488284543
ObjectId(5a7a4235907a2e50714dbf53),false,false,false,false,,,,,,false,false,333521575.1487249492
ObjectId(5a7a4235907a2e50714dbf54),false,false,false,false,,,,,,false,false,486747472.1488284636
ObjectId(5a7a4235907a2e50714dbf55),false,false,false,false,,,,,,false,false,766948555.1488322789
ObjectId(5a7a4235907a2e50714dbf56),false,false,false,false,,,,,,false,false,1045458352.1488358418
ObjectId(5a7a4235907a2e50714dbf57),false,false,false,false,,,,,,false,false,1139293643.1488380193
ObjectId(5a7a4235907a2e50714dbf58),false,false,false,false,,,,,,false,false,1426898976.1488358907
ObjectId(5a7a4235907a2e50714dbf59),false,false,false,false,,,,,,false,false,165290890.1488351620
ObjectId(5a7a4235907a2e50714dbf5a),false,false,false,false,,,,,,false,false,2037341545.1488376898
ObjectId(5a7a4235907a2e50714dbf5b),true,false,false,false,,,,,,false,false,2083876598.1488354523
ObjectId(5a7a4235907a2e50714dbf5c),false,false,false,false,,,,,,false,false,265156922.1488373604
ObjectId(5a7a4235907a2e50714dbf5d),true,false,false,false,,,,,,false,false,294846751.1488375731
ObjectId(5a7a4235907a2e50714dbf5e),false,false,false,false,,,,,,false,false,394779057.1488393758
ObjectId(5a7a4235907a2e50714dbf5f),true,false,false,false,,,,,,false,false,51680778.1488356242
ObjectId(5a7a4235907a2e50714dbf60),false,false,false,false,,,,,,false,false,818838928.1488399039
ObjectId(5a7a4235907a2e50714dbf61),true,false,false,false,,,,,,false,false,870852119.1488357230
ObjectId(5a7a4235907a2e50714dbf62),true,false,false,false,,,,,,false,false,982076830.1488381317
ObjectId(5a7a4235907a2e50714dbf63),false,false,false,false,,,,,,false,false,655149388.1488460704
ObjectId(5a7a4235907a2e50714dbf64),true,false,false,false,,,,,,false,false,797896018.1488464764
ObjectId(5a7a4235907a2e50714dbf65),true,false,false,false,,,,,,false,false,1151099816.1488824985
ObjectId(5a7a4235907a2e50714dbf66),false,false,false,false,,,,,,false,false,122391215.1488911939
ObjectId(5a7a4235907a2e50714dbf67),true,false,false,false,,,,,,false,false,311659493.1488914308
ObjectId(5a7a4235907a2e50714dbf68),false,false,false,false,,,,,,false,false,365515328.1488912737
ObjectId(5a7a4235907a2e50714dbf69),true,false,false,false,,,,,,false,false,1843566253.1488290532
ObjectId(5a7a4235907a2e50714dbf6a),false,false,false,false,,,,,,false,false,2112202974.1489161706
ObjectId(5a7a4235907a2e50714dbf6b),false,false,false,false,,,,,,false,false,706107145.1489331642
ObjectId(5a7a4235907a2e50714dbf6c),false,false,false,false,,,,,,false,false,1478248998.1489426778
ObjectId(5a7a4235907a2e50714dbf6d),true,false,false,false,,,,,,false,false,800725198.1489418881
ObjectId(5a7a4235907a2e50714dbf6e),false,false,false,false,,,,,,false,false,125488296.1489685046
ObjectId(5a7a4235907a2e50714dbf6f),true,false,false,false,,,,,,false,false,1929273842.1489665626
ObjectId(5a7a4235907a2e50714dbf70),false,false,false,false,,,,,,false,false,353847404.1489670938
ObjectId(5a7a4235907a2e50714dbf71),false,false,false,false,,,,,,false,false,394779057.1489668235
ObjectId(5a7a4235907a2e50714dbf72),true,false,false,false,,,,,,false,false,86853342.1489665522
ObjectId(5a7a4235907a2e50714dbf73),false,false,false,false,,,,,,false,false,963208447.1489775055
ObjectId(5a7a4235907a2e50714dbf74),false,false,false,false,,,,,,false,false,1830885111.1490029457
ObjectId(5a7a4235907a2e50714dbf75),true,false,false,false,,,,,,false,false,1934372172.1490024596
ObjectId(5a7a4235907a2e50714dbf76),true,false,false,false,,,,,,false,false,2030734630.1478982713
ObjectId(5a7a4235907a2e50714dbf77),false,false,false,false,,,,,,false,false,1473454456.1487808000
ObjectId(5a7a4235907a2e50714dbf78),true,false,false,false,,,,,,false,false,1481896242.1490163574
ObjectId(5a7a4235907a2e50714dbf79),false,false,false,false,,,,,,false,false,412598884.1490205170
ObjectId(5a7a4235907a2e50714dbf7a),false,false,false,false,,,,,,false,false,1300435094.1490264341
ObjectId(5a7a4235907a2e50714dbf7b),false,false,false,false,,,,,,false,false,1766055166.1487327981
ObjectId(5a7a4235907a2e50714dbf7c),true,false,false,false,,,,,,false,false,1993334953.1490291647
ObjectId(5a7a4235907a2e50714dbf7d),true,false,false,false,,,,,,false,false,567986300.1490470148
ObjectId(5a7a4235907a2e50714dbf7e),false,false,false,false,,,,,,false,false,436391673.1487873792
ObjectId(5a7a4235907a2e50714dbf7f),false,false,false,false,,,,,,false,false,1212533741.1490596307
ObjectId(5a7a4235907a2e50714dbf80),true,false,false,false,,,,,,false,false,311335216.1490619487
ObjectId(5a7a4235907a2e50714dbf81),true,false,false,false,,,,,,false,false,1495798328.1490721904
ObjectId(5a7a4235907a2e50714dbf82),false,false,false,false,,,,,,false,false,164842831.1490785547
ObjectId(5a7a4235907a2e50714dbf83),false,false,false,false,,,,,,false,false,418127848.1490885277
ObjectId(5a7a4235907a2e50714dbf84),false,false,false,false,,,,,,false,false,788748342.1490873785
ObjectId(5a7a4235907a2e50714dbf85),true,false,false,false,,,,,,false,false,128919211.1491326409
ObjectId(5a7a4235907a2e50714dbf86),false,false,false,false,,,,,,false,false,688833315.1491331096
ObjectId(5a7a4235907a2e50714dbf87),false,false,false,false,,,,,,false,false,1418520468.1492003170
ObjectId(5a7a4235907a2e50714dbf88),true,false,false,false,,,,,,false,false,1432991670.1491992686
ObjectId(5a7a4235907a2e50714dbf89),false,false,false,false,,,,,,false,false,1720600879.1492034074
ObjectId(5a7a4235907a2e50714dbf8a),false,false,false,false,,,,,,false,false,1499245900.1490400000
ObjectId(5a7a4235907a2e50714dbf8b),false,false,false,false,,,,,,false,false,394779057.1492225157
ObjectId(5a7a4235907a2e50714dbf8c),false,false,false,false,,,,,,false,false,429653023.1492375087
ObjectId(5a7a4235907a2e50714dbf8d),true,false,false,false,,,,,,false,false,1860978899.1492518874
ObjectId(5a7a4235907a2e50714dbf8e),true,false,false,false,,,,,,false,false,1736330610.1492606415
ObjectId(5a7a4235907a2e50714dbf8f),false,false,false,false,,,,,,false,false,1576468636.1492692620
ObjectId(5a7a4235907a2e50714dbf90),true,false,false,false,,,,,,false,false,2104917858.1492682340
ObjectId(5a7a4235907a2e50714dbf91),true,false,false,false,,,,,,false,false,939191274.1492679742
ObjectId(5a7a4235907a2e50714dbf92),false,false,false,false,,,,,,false,false,1499245900.1492992000
ObjectId(5a7a4235907a2e50714dbf93),false,false,false,false,,,,,,false,false,645008777.1493199747
ObjectId(5a7a4235907a2e50714dbf94),true,false,false,false,,,,,,false,false,2032032034.1493302074
ObjectId(5a7a4235907a2e50714dbf95),false,false,false,false,,,,,,false,false,1050072792.1444634000
ObjectId(5a7a4235907a2e50714dbf96),false,false,false,false,,,,,,false,false,199155436.1493462963
ObjectId(5a7a4235907a2e50714dbf97),false,false,false,false,,,,,,false,false,1539345865.1493583254
ObjectId(5a7a4235907a2e50714dbf98),false,false,false,false,,,,,,false,false,394779057.1493586163
ObjectId(5a7a4235907a2e50714dbf99),false,false,false,false,,,,,,false,false,883347285.1493632055
ObjectId(5a7a4235907a2e50714dbf9a),true,false,false,false,,,,,,false,false,1010843215.1493813821
ObjectId(5a7a4235907a2e50714dbf9b),true,false,false,false,,,,,,false,false,1055526434.1493813423
ObjectId(5a7a4235907a2e50714dbf9c),false,false,false,false,,,,,,false,false,1185467221.1493827591
ObjectId(5a7a4235907a2e50714dbf9d),true,false,false,false,,,,,,false,false,1187904088.1493813392
ObjectId(5a7a4235907a2e50714dbf9e),false,false,false,false,,,,,,false,false,1322773457.1493824687
ObjectId(5a7a4235907a2e50714dbf9f),true,false,false,false,,,,,,false,false,1373420474.1493813448
ObjectId(5a7a4235907a2e50714dbfa0),false,false,false,false,,,,,,false,false,1570147586.1493813415
ObjectId(5a7a4235907a2e50714dbfa1),true,false,false,false,,,,,,false,false,1648578197.1493813356
ObjectId(5a7a4235907a2e50714dbfa2),true,false,false,false,,,,,,false,false,1651464921.1493824836
ObjectId(5a7a4235907a2e50714dbfa3),false,false,false,false,,,,,,false,false,1700538130.1493813472
ObjectId(5a7a4235907a2e50714dbfa4),true,false,false,false,,,,,,false,false,1797417514.1493813418
ObjectId(5a7a4235907a2e50714dbfa5),false,false,false,false,,,,,,false,false,1812435523.1493815020
ObjectId(5a7a4235907a2e50714dbfa6),true,false,false,false,,,,,,false,false,1857076354.1493811562
ObjectId(5a7a4235907a2e50714dbfa7),false,false,false,false,,,,,,false,false,2035584545.1493829742
ObjectId(5a7a4235907a2e50714dbfa8),false,false,false,false,,,,,,false,false,280191096.1493813456
ObjectId(5a7a4235907a2e50714dbfa9),false,false,false,false,,,,,,false,false,431795465.1493825593
ObjectId(5a7a4235907a2e50714dbfaa),true,false,false,false,,,,,,false,false,443662198.1493813442
ObjectId(5a7a4235907a2e50714dbfab),false,false,false,false,,,,,,false,false,525450005.1493824683
ObjectId(5a7a4235907a2e50714dbfac),true,false,false,false,,,,,,false,false,544247378.1493813472
ObjectId(5a7a4235907a2e50714dbfad),true,false,false,false,,,,,,false,false,628689887.1493813746
ObjectId(5a7a4235907a2e50714dbfae),false,false,false,false,,,,,,false,false,721182863.1493813444
ObjectId(5a7a4235907a2e50714dbfaf),true,false,false,false,,,,,,false,false,787151326.1493813474
ObjectId(5a7a4235907a2e50714dbfb0),false,false,false,false,,,,,,false,false,983060875.1493825591
ObjectId(5a7a4235907a2e50714dbfb1),false,false,false,false,,,,,,false,false,1737903293.1493911322
ObjectId(5a7a4235907a2e50714dbfb2),false,false,false,false,,,,,,false,false,781384885.1493880005
ObjectId(5a7a4235907a2e50714dbfb3),false,false,false,false,,,,,,false,false,1086418176.1491378585
ObjectId(5a7a4235907a2e50714dbfb4),true,false,false,false,,,,,,false,false,2129153646.1494099510
ObjectId(5a7a4235907a2e50714dbfb5),false,false,false,false,,,,,,false,false,947458262.1494319116
ObjectId(5a7a4235907a2e50714dbfb6),true,false,false,false,,,,,,false,false,433504826.1494429373
ObjectId(5a7a4235907a2e50714dbfb7),false,false,false,false,,,,,,false,false,1150234775.1494492333
ObjectId(5a7a4235907a2e50714dbfb8),true,false,false,false,,,,,,false,false,1228770129.1494608128
ObjectId(5a7a4235907a2e50714dbfb9),true,false,false,false,,,,,,false,false,1631639682.1494843919
ObjectId(5a7a4235907a2e50714dbfba),true,false,false,false,,,,,,false,false,301634721.1494843981
