app_key	app_version	build_nr	device_type	event	event_id	event_value	locale	remote_addr	screen	server_ts	timezone	ts	user-agent	user_id	uuid
68a75926033f70179b19a9ccd135d5ff	v4	3	desktop	select.molecule	--		de	213.168.78.22	1920x1080	1504274080	7200000	1504274081	Mozilla/5.0 (Macintosh; Intel Mac OS X 10_11_6) AppleWebKit/537.36 (KHTML, like Gecko) Chrome/60.0.3112.101 Safari/537.36	dd116a4a-fcec-316c-9e55-f885210a3387	
68a75926033f70179b19a9ccd135d5ff	v4	3	desktop	drop	4-methyl-2-pentanone		de	213.168.78.22	1920x1080	1504274082	7200000	1504274083	Mozilla/5.0 (Macintosh; Intel Mac OS X 10_11_6) AppleWebKit/537.36 (KHTML, like Gecko) Chrome/60.0.3112.101 Safari/537.36	dd116a4a-fcec-316c-9e55-f885210a3387	
68a75926033f70179b19a9ccd135d5ff	v4	3	desktop	drop	4-methyl-2-pentanone		de	213.168.78.22	1920x1080	1504274086	7200000	1504274087	Mozilla/5.0 (Macintosh; Intel Mac OS X 10_11_6) AppleWebKit/537.36 (KHTML, like Gecko) Chrome/60.0.3112.101 Safari/537.36	dd116a4a-fcec-316c-9e55-f885210a3387	
68a75926033f70179b19a9ccd135d5ff	v4	3	desktop	drop	4-methyl-2-pentanone	false	de	213.168.78.22	1920x1080	1504274839	7200000	1504274839	Mozilla/5.0 (Macintosh; Intel Mac OS X 10_11_6) AppleWebKit/537.36 (KHTML, like Gecko) Chrome/60.0.3112.101 Safari/537.36	dd116a4a-fcec-316c-9e55-f885210a3387	
68a75926033f70179b19a9ccd135d5ff	v4	3	desktop	drop	4-methyl-2-pentanone	false	de	213.168.78.22	1920x1080	1504274845	7200000	1504274846	Mozilla/5.0 (Macintosh; Intel Mac OS X 10_11_6) AppleWebKit/537.36 (KHTML, like Gecko) Chrome/60.0.3112.101 Safari/537.36	dd116a4a-fcec-316c-9e55-f885210a3387	
68a75926033f70179b19a9ccd135d5ff	v4	3	desktop	drop	4-methyl-2-pentanone	false	de	213.168.78.22	1920x1080	1504274850	7200000	1504274850	Mozilla/5.0 (Macintosh; Intel Mac OS X 10_11_6) AppleWebKit/537.36 (KHTML, like Gecko) Chrome/60.0.3112.101 Safari/537.36	dd116a4a-fcec-316c-9e55-f885210a3387	
68a75926033f70179b19a9ccd135d5ff	v4	3	desktop	drop	4-methyl-2-pentanone	false	de	213.168.78.22	1920x1080	1504274898	7200000	1504274899	Mozilla/5.0 (Macintosh; Intel Mac OS X 10_11_6) AppleWebKit/537.36 (KHTML, like Gecko) Chrome/60.0.3112.101 Safari/537.36	dd116a4a-fcec-316c-9e55-f885210a3387	
68a75926033f70179b19a9ccd135d5ff	v4	3	desktop	check	4-methyl-2-pentanone	false	de	213.168.78.22	1920x1080	1504274902	7200000	1504274903	Mozilla/5.0 (Macintosh; Intel Mac OS X 10_11_6) AppleWebKit/537.36 (KHTML, like Gecko) Chrome/60.0.3112.101 Safari/537.36	dd116a4a-fcec-316c-9e55-f885210a3387	
68a75926033f70179b19a9ccd135d5ff	v4	3	desktop	drop	4-methyl-2-pentanone	false	de	213.168.78.22	1920x1080	1504274909	7200000	1504274910	Mozilla/5.0 (Macintosh; Intel Mac OS X 10_11_6) AppleWebKit/537.36 (KHTML, like Gecko) Chrome/60.0.3112.101 Safari/537.36	dd116a4a-fcec-316c-9e55-f885210a3387	
68a75926033f70179b19a9ccd135d5ff	v4	3	desktop	drop	4-methyl-2-pentanone	false	de	213.168.78.22	1920x1080	1504274911	7200000	1504274911	Mozilla/5.0 (Macintosh; Intel Mac OS X 10_11_6) AppleWebKit/537.36 (KHTML, like Gecko) Chrome/60.0.3112.101 Safari/537.36	dd116a4a-fcec-316c-9e55-f885210a3387	
68a75926033f70179b19a9ccd135d5ff	v4	3	desktop	check	4-methyl-2-pentanone	false	de	213.168.78.22	1920x1080	1504274912	7200000	1504274913	Mozilla/5.0 (Macintosh; Intel Mac OS X 10_11_6) AppleWebKit/537.36 (KHTML, like Gecko) Chrome/60.0.3112.101 Safari/537.36	dd116a4a-fcec-316c-9e55-f885210a3387	
68a75926033f70179b19a9ccd135d5ff	v4	3	desktop	drop	4-methyl-2-pentanone		de	213.168.78.22	1920x1080	1504274085	7200000	1504274086	Mozilla/5.0 (Macintosh; Intel Mac OS X 10_11_6) AppleWebKit/537.36 (KHTML, like Gecko) Chrome/60.0.3112.101 Safari/537.36	dd116a4a-fcec-316c-9e55-f885210a3387	
68a75926033f70179b19a9ccd135d5ff	v4	3	desktop	reset	4-methyl-2-pentanone	false	de	213.168.78.22	1920x1080	1504274089	7200000	1504274090	Mozilla/5.0 (Macintosh; Intel Mac OS X 10_11_6) AppleWebKit/537.36 (KHTML, like Gecko) Chrome/60.0.3112.101 Safari/537.36	dd116a4a-fcec-316c-9e55-f885210a3387	
68a75926033f70179b19a9ccd135d5ff	v4	3	desktop	drop	4-methyl-2-pentanone	false	de	213.168.78.22	1920x1080	1504274836	7200000	1504274836	Mozilla/5.0 (Macintosh; Intel Mac OS X 10_11_6) AppleWebKit/537.36 (KHTML, like Gecko) Chrome/60.0.3112.101 Safari/537.36	dd116a4a-fcec-316c-9e55-f885210a3387	
68a75926033f70179b19a9ccd135d5ff	v4	3	desktop	drop	4-methyl-2-pentanone	false	de	213.168.78.22	1920x1080	1504274842	7200000	1504274842	Mozilla/5.0 (Macintosh; Intel Mac OS X 10_11_6) AppleWebKit/537.36 (KHTML, like Gecko) Chrome/60.0.3112.101 Safari/537.36	dd116a4a-fcec-316c-9e55-f885210a3387	
68a75926033f70179b19a9ccd135d5ff	v4	3	desktop	drop	4-methyl-2-pentanone	false	de	213.168.78.22	1920x1080	1504274844	7200000	1504274844	Mozilla/5.0 (Macintosh; Intel Mac OS X 10_11_6) AppleWebKit/537.36 (KHTML, like Gecko) Chrome/60.0.3112.101 Safari/537.36	dd116a4a-fcec-316c-9e55-f885210a3387	
68a75926033f70179b19a9ccd135d5ff	v4	3	desktop	drop	4-methyl-2-pentanone	false	de	213.168.78.22	1920x1080	1504274847	7200000	1504274847	Mozilla/5.0 (Macintosh; Intel Mac OS X 10_11_6) AppleWebKit/537.36 (KHTML, like Gecko) Chrome/60.0.3112.101 Safari/537.36	dd116a4a-fcec-316c-9e55-f885210a3387	
68a75926033f70179b19a9ccd135d5ff	v4	3	desktop	drop	4-methyl-2-pentanone	false	de	213.168.78.22	1920x1080	1504274848	7200000	1504274848	Mozilla/5.0 (Macintosh; Intel Mac OS X 10_11_6) AppleWebKit/537.36 (KHTML, like Gecko) Chrome/60.0.3112.101 Safari/537.36	dd116a4a-fcec-316c-9e55-f885210a3387	
68a75926033f70179b19a9ccd135d5ff	v4	3	desktop	drop	4-methyl-2-pentanone	false	de	213.168.78.22	1920x1080	1504274904	7200000	1504274904	Mozilla/5.0 (Macintosh; Intel Mac OS X 10_11_6) AppleWebKit/537.36 (KHTML, like Gecko) Chrome/60.0.3112.101 Safari/537.36	dd116a4a-fcec-316c-9e55-f885210a3387	
68a75926033f70179b19a9ccd135d5ff	v4	3	desktop	drop	4-methyl-2-pentanone	false	de	213.168.78.22	1920x1080	1504274906	7200000	1504274906	Mozilla/5.0 (Macintosh; Intel Mac OS X 10_11_6) AppleWebKit/537.36 (KHTML, like Gecko) Chrome/60.0.3112.101 Safari/537.36	dd116a4a-fcec-316c-9e55-f885210a3387	
68a75926033f70179b19a9ccd135d5ff	v4	3	desktop	reset	4-methyl-2-pentanone	false	de	213.168.78.22	1920x1080	1504274913	7200000	1504274913	Mozilla/5.0 (Macintosh; Intel Mac OS X 10_11_6) AppleWebKit/537.36 (KHTML, like Gecko) Chrome/60.0.3112.101 Safari/537.36	dd116a4a-fcec-316c-9e55-f885210a3387	
68a75926033f70179b19a9ccd135d5ff	v4	3	desktop	start	stage_1	false	de	213.168.78.22	1920x1080	1504274913	7200000	1504274913	Mozilla/5.0 (Macintosh; Intel Mac OS X 10_11_6) AppleWebKit/537.36 (KHTML, like Gecko) Chrome/60.0.3112.101 Safari/537.36	dd116a4a-fcec-316c-9e55-f885210a3387	
68a75926033f70179b19a9ccd135d5ff	v4	3	desktop	launch			de	213.168.78.22	1920x1080	1504273781	7200000	1504273782	Mozilla/5.0 (Macintosh; Intel Mac OS X 10_11_6) AppleWebKit/537.36 (KHTML, like Gecko) Chrome/60.0.3112.101 Safari/537.36	dd116a4a-fcec-316c-9e55-f885210a3387	
68a75926033f70179b19a9ccd135d5ff	v4	3	desktop	start	stage_1		de	213.168.78.22	1920x1080	1504274081	7200000	1504274081	Mozilla/5.0 (Macintosh; Intel Mac OS X 10_11_6) AppleWebKit/537.36 (KHTML, like Gecko) Chrome/60.0.3112.101 Safari/537.36	dd116a4a-fcec-316c-9e55-f885210a3387	
68a75926033f70179b19a9ccd135d5ff	v4	3	desktop	drop	4-methyl-2-pentanone		de	213.168.78.22	1920x1080	1504274084	7200000	1504274084	Mozilla/5.0 (Macintosh; Intel Mac OS X 10_11_6) AppleWebKit/537.36 (KHTML, like Gecko) Chrome/60.0.3112.101 Safari/537.36	dd116a4a-fcec-316c-9e55-f885210a3387	
68a75926033f70179b19a9ccd135d5ff	v4	3	desktop	drop	4-methyl-2-pentanone		de	213.168.78.22	1920x1080	1504274088	7200000	1504274088	Mozilla/5.0 (Macintosh; Intel Mac OS X 10_11_6) AppleWebKit/537.36 (KHTML, like Gecko) Chrome/60.0.3112.101 Safari/537.36	dd116a4a-fcec-316c-9e55-f885210a3387	
68a75926033f70179b19a9ccd135d5ff	v4	3	desktop	check	4-methyl-2-pentanone	false	de	213.168.78.22	1920x1080	1504274089	7200000	1504274089	Mozilla/5.0 (Macintosh; Intel Mac OS X 10_11_6) AppleWebKit/537.36 (KHTML, like Gecko) Chrome/60.0.3112.101 Safari/537.36	dd116a4a-fcec-316c-9e55-f885210a3387	
68a75926033f70179b19a9ccd135d5ff	v4	3	desktop	start	stage_1	false	de	213.168.78.22	1920x1080	1504274089	7200000	1504274090	Mozilla/5.0 (Macintosh; Intel Mac OS X 10_11_6) AppleWebKit/537.36 (KHTML, like Gecko) Chrome/60.0.3112.101 Safari/537.36	dd116a4a-fcec-316c-9e55-f885210a3387	
68a75926033f70179b19a9ccd135d5ff	v4	3	desktop	drop	4-methyl-2-pentanone	false	de	213.168.78.22	1920x1080	1504274840	7200000	1504274841	Mozilla/5.0 (Macintosh; Intel Mac OS X 10_11_6) AppleWebKit/537.36 (KHTML, like Gecko) Chrome/60.0.3112.101 Safari/537.36	dd116a4a-fcec-316c-9e55-f885210a3387	
68a75926033f70179b19a9ccd135d5ff	v4	3	desktop	drop	4-methyl-2-pentanone	false	de	213.168.78.22	1920x1080	1504274900	7200000	1504274900	Mozilla/5.0 (Macintosh; Intel Mac OS X 10_11_6) AppleWebKit/537.36 (KHTML, like Gecko) Chrome/60.0.3112.101 Safari/537.36	dd116a4a-fcec-316c-9e55-f885210a3387	
68a75926033f70179b19a9ccd135d5ff	v4	3	desktop	reset	4-methyl-2-pentanone	false	de	213.168.78.22	1920x1080	1504274902	7200000	1504274902	Mozilla/5.0 (Macintosh; Intel Mac OS X 10_11_6) AppleWebKit/537.36 (KHTML, like Gecko) Chrome/60.0.3112.101 Safari/537.36	dd116a4a-fcec-316c-9e55-f885210a3387	
68a75926033f70179b19a9ccd135d5ff	v4	3	desktop	start	stage_1	false	de	213.168.78.22	1920x1080	1504274902	7200000	1504274902	Mozilla/5.0 (Macintosh; Intel Mac OS X 10_11_6) AppleWebKit/537.36 (KHTML, like Gecko) Chrome/60.0.3112.101 Safari/537.36	dd116a4a-fcec-316c-9e55-f885210a3387	
68a75926033f70179b19a9ccd135d5ff	v4	3	desktop	drop	4-methyl-2-pentanone	false	de	213.168.78.22	1920x1080	1504274908	7200000	1504274908	Mozilla/5.0 (Macintosh; Intel Mac OS X 10_11_6) AppleWebKit/537.36 (KHTML, like Gecko) Chrome/60.0.3112.101 Safari/537.36	dd116a4a-fcec-316c-9e55-f885210a3387	
68a75926033f70179b19a9ccd135d5ff		3	desktop	gtm.dom			en-US	66.249.88.75	1024x768	1504363989	-14400000	1504363988	Mozilla/5.0 (Windows NT 10.0; WOW64; Trident/7.0; rv:11.0) like Gecko	703f73b5-b8be-363c-295a-ea79abc7026c	
68a75926033f70179b19a9ccd135d5ff		3	desktop	gtm.load			en-US	66.249.88.79	1024x768	1504363989	-14400000	1504363988	Mozilla/5.0 (Windows NT 10.0; WOW64; Trident/7.0; rv:11.0) like Gecko	703f73b5-b8be-363c-295a-ea79abc7026c	
68a75926033f70179b19a9ccd135d5ff		3	desktop	gtm.js			en-US	66.249.88.81	1024x768	1504363989	-14400000	1504363988	Mozilla/5.0 (Windows NT 10.0; WOW64; Trident/7.0; rv:11.0) like Gecko	703f73b5-b8be-363c-295a-ea79abc7026c	
68a75926033f70179b19a9ccd135d5ff		3	desktop	gtm.dom			en-US	66.102.8.201	1024x768	1504453982	-14400000	1504453982	Mozilla/5.0 (Windows NT 6.1; WOW64; Trident/7.0; rv:11.0) like Gecko	dd041145-f7bb-1657-70f0-4b4bc4780b23	
68a75926033f70179b19a9ccd135d5ff		3	desktop	gtm.js			en-US	66.102.8.203	1024x768	1504453982	-14400000	1504453982	Mozilla/5.0 (Windows NT 6.1; WOW64; Trident/7.0; rv:11.0) like Gecko	dd041145-f7bb-1657-70f0-4b4bc4780b23	
68a75926033f70179b19a9ccd135d5ff		3	desktop	gtm.load			en-US	66.102.8.211	1024x768	1504453982	-14400000	1504453982	Mozilla/5.0 (Windows NT 6.1; WOW64; Trident/7.0; rv:11.0) like Gecko	dd041145-f7bb-1657-70f0-4b4bc4780b23	
68a75926033f70179b19a9ccd135d5ff		3	desktop	gtm.load			en-US	66.249.88.76	1024x768	1504547779	-14400000	1504547778	Mozilla/5.0 (Windows NT 10.0; Win64; x64; Trident/7.0; rv:11.0) like Gecko	d6766057-65d4-ae95-6b85-950fb1f9515a	
68a75926033f70179b19a9ccd135d5ff		3	desktop	gtm.js			en-US	66.249.88.74	1024x768	1504547779	-14400000	1504547778	Mozilla/5.0 (Windows NT 10.0; Win64; x64; Trident/7.0; rv:11.0) like Gecko	d6766057-65d4-ae95-6b85-950fb1f9515a	
68a75926033f70179b19a9ccd135d5ff		3	desktop	gtm.dom			en-US	66.249.88.78	1024x768	1504547779	-14400000	1504547778	Mozilla/5.0 (Windows NT 10.0; Win64; x64; Trident/7.0; rv:11.0) like Gecko	d6766057-65d4-ae95-6b85-950fb1f9515a	
68a75926033f70179b19a9ccd135d5ff		3	desktop	gtm.js			en-US	66.102.8.203	1024x768	1504637878	-14400000	1504637877	Mozilla/5.0 (Windows NT 6.1; Trident/7.0; rv:11.0) like Gecko	0a6df914-19e7-8913-f3c4-e31c043ae0d8	
68a75926033f70179b19a9ccd135d5ff		3	desktop	gtm.load			en-US	66.102.8.207	1024x768	1504637878	-14400000	1504637877	Mozilla/5.0 (Windows NT 6.1; Trident/7.0; rv:11.0) like Gecko	0a6df914-19e7-8913-f3c4-e31c043ae0d8	
68a75926033f70179b19a9ccd135d5ff		3	desktop	gtm.dom			en-US	66.102.8.203	1024x768	1504637878	-14400000	1504637877	Mozilla/5.0 (Windows NT 6.1; Trident/7.0; rv:11.0) like Gecko	0a6df914-19e7-8913-f3c4-e31c043ae0d8	
68a75926033f70179b19a9ccd135d5ff		3	desktop	gtm.load			en-US	66.102.8.207	1024x768	1504727947	-18000000	1504727946	Mozilla/5.0 (Windows NT 6.1; WOW64; Trident/7.0; rv:11.0) like Gecko	6c67d1e9-6174-6980-f63d-9c2ebd088e7f	
68a75926033f70179b19a9ccd135d5ff		3	desktop	gtm.js			en-US	66.102.8.199	1024x768	1504727947	-18000000	1504727946	Mozilla/5.0 (Windows NT 6.1; WOW64; Trident/7.0; rv:11.0) like Gecko	6c67d1e9-6174-6980-f63d-9c2ebd088e7f	
68a75926033f70179b19a9ccd135d5ff		3	desktop	gtm.dom			en-US	66.102.8.201	1024x768	1504727947	-18000000	1504727946	Mozilla/5.0 (Windows NT 6.1; WOW64; Trident/7.0; rv:11.0) like Gecko	6c67d1e9-6174-6980-f63d-9c2ebd088e7f	
68a75926033f70179b19a9ccd135d5ff		3	desktop	gtm.load			en-US	66.102.8.202	1024x768	1504819162	-14400000	1504819161	Mozilla/5.0 (Windows NT 6.1; WOW64; Trident/7.0; rv:11.0) like Gecko	61ff84cd-7f69-db8e-9aff-849ed4387616	
68a75926033f70179b19a9ccd135d5ff		3	desktop	gtm.js			en-US	66.102.8.204	1024x768	1504819161	-14400000	1504819161	Mozilla/5.0 (Windows NT 6.1; WOW64; Trident/7.0; rv:11.0) like Gecko	61ff84cd-7f69-db8e-9aff-849ed4387616	
68a75926033f70179b19a9ccd135d5ff		3	desktop	gtm.dom			en-US	66.102.8.204	1024x768	1504819162	-14400000	1504819161	Mozilla/5.0 (Windows NT 6.1; WOW64; Trident/7.0; rv:11.0) like Gecko	61ff84cd-7f69-db8e-9aff-849ed4387616	
68a75926033f70179b19a9ccd135d5ff		3	desktop	gtm.js			en-US	66.102.8.207	1024x768	1504907632	-14400000	1504907631	Mozilla/5.0 (Windows NT 6.1; Trident/7.0; rv:11.0) like Gecko	9ded0ac4-25be-7766-f8aa-5c36ec31bb8e	
68a75926033f70179b19a9ccd135d5ff		3	desktop	gtm.load			en-US	66.102.8.211	1024x768	1504907632	-14400000	1504907631	Mozilla/5.0 (Windows NT 6.1; Trident/7.0; rv:11.0) like Gecko	9ded0ac4-25be-7766-f8aa-5c36ec31bb8e	
68a75926033f70179b19a9ccd135d5ff		3	desktop	gtm.dom			en-US	66.102.8.203	1024x768	1504907631	-14400000	1504907631	Mozilla/5.0 (Windows NT 6.1; Trident/7.0; rv:11.0) like Gecko	9ded0ac4-25be-7766-f8aa-5c36ec31bb8e	
68a75926033f70179b19a9ccd135d5ff		3	desktop	gtm.js			en-US	66.249.88.81	1024x768	1504999386	-14400000	1504999385	Mozilla/5.0 (Windows NT 6.1; WOW64; Trident/7.0; rv:11.0) like Gecko	4f144c82-1261-d072-78eb-68ba546ec203	
68a75926033f70179b19a9ccd135d5ff		3	desktop	gtm.load			en-US	66.249.88.81	1024x768	1504999386	-14400000	1504999385	Mozilla/5.0 (Windows NT 6.1; WOW64; Trident/7.0; rv:11.0) like Gecko	4f144c82-1261-d072-78eb-68ba546ec203	
68a75926033f70179b19a9ccd135d5ff		3	desktop	gtm.dom			en-US	66.249.88.79	1024x768	1504999386	-14400000	1504999385	Mozilla/5.0 (Windows NT 6.1; WOW64; Trident/7.0; rv:11.0) like Gecko	4f144c82-1261-d072-78eb-68ba546ec203	
68a75926033f70179b19a9ccd135d5ff		3	desktop	gtm.dom			en-US	66.102.8.211	1024x768	1505088994	-14400000	1505088991	Mozilla/5.0 (Windows NT 6.1; WOW64; Trident/7.0; rv:11.0) like Gecko	9eb88ade-7b99-3a66-814a-9f210c3e8a0a	
68a75926033f70179b19a9ccd135d5ff		3	desktop	gtm.load			en-US	66.102.8.207	1024x768	1505088994	-14400000	1505088991	Mozilla/5.0 (Windows NT 6.1; WOW64; Trident/7.0; rv:11.0) like Gecko	9eb88ade-7b99-3a66-814a-9f210c3e8a0a	
68a75926033f70179b19a9ccd135d5ff		3	desktop	gtm.js			en-US	66.102.8.209	1024x768	1505088994	-14400000	1505088991	Mozilla/5.0 (Windows NT 6.1; WOW64; Trident/7.0; rv:11.0) like Gecko	9eb88ade-7b99-3a66-814a-9f210c3e8a0a	
68a75926033f70179b19a9ccd135d5ff	v4	3	desktop	launch			el	160.40.50.234	1920x1080	1505143888	10800000	1505143888	Mozilla/5.0 (Windows NT 6.1; Win64; x64) AppleWebKit/537.36 (KHTML, like Gecko) Chrome/60.0.3112.113 Safari/537.36	cd1f4b3c-471e-00d9-7818-aecf5c536bb0	
68a75926033f70179b19a9ccd135d5ff	v4	3	desktop	select.molecule	--		el	160.40.50.234	1920x1080	1505143899	10800000	1505143899	Mozilla/5.0 (Windows NT 6.1; Win64; x64) AppleWebKit/537.36 (KHTML, like Gecko) Chrome/60.0.3112.113 Safari/537.36	cd1f4b3c-471e-00d9-7818-aecf5c536bb0	
68a75926033f70179b19a9ccd135d5ff	v4	3	desktop	start	stage_1		el	160.40.50.234	1920x1080	1505143899	10800000	1505143899	Mozilla/5.0 (Windows NT 6.1; Win64; x64) AppleWebKit/537.36 (KHTML, like Gecko) Chrome/60.0.3112.113 Safari/537.36	cd1f4b3c-471e-00d9-7818-aecf5c536bb0	
68a75926033f70179b19a9ccd135d5ff	v4	3	desktop	drop	methane		el	160.40.50.234	1920x1080	1505143913	10800000	1505143913	Mozilla/5.0 (Windows NT 6.1; Win64; x64) AppleWebKit/537.36 (KHTML, like Gecko) Chrome/60.0.3112.113 Safari/537.36	cd1f4b3c-471e-00d9-7818-aecf5c536bb0	
68a75926033f70179b19a9ccd135d5ff	v4	3	desktop	drop	methane		el	160.40.50.234	1920x1080	1505143914	10800000	1505143915	Mozilla/5.0 (Windows NT 6.1; Win64; x64) AppleWebKit/537.36 (KHTML, like Gecko) Chrome/60.0.3112.113 Safari/537.36	cd1f4b3c-471e-00d9-7818-aecf5c536bb0	
68a75926033f70179b19a9ccd135d5ff	v4	3	desktop	start	stage_3	true	el	160.40.50.234	1920x1080	1505143919	10800000	1505143919	Mozilla/5.0 (Windows NT 6.1; Win64; x64) AppleWebKit/537.36 (KHTML, like Gecko) Chrome/60.0.3112.113 Safari/537.36	cd1f4b3c-471e-00d9-7818-aecf5c536bb0	
68a75926033f70179b19a9ccd135d5ff	v4	3	desktop	select.molecule	methanol	true	el	160.40.50.234	1920x1080	1505143921	10800000	1505143922	Mozilla/5.0 (Windows NT 6.1; Win64; x64) AppleWebKit/537.36 (KHTML, like Gecko) Chrome/60.0.3112.113 Safari/537.36	cd1f4b3c-471e-00d9-7818-aecf5c536bb0	
68a75926033f70179b19a9ccd135d5ff	v4	3	desktop	reset	ethanol	true	el	160.40.50.234	1920x1080	1505144192	10800000	1505144192	Mozilla/5.0 (Windows NT 6.1; Win64; x64) AppleWebKit/537.36 (KHTML, like Gecko) Chrome/60.0.3112.113 Safari/537.36	cd1f4b3c-471e-00d9-7818-aecf5c536bb0	
68a75926033f70179b19a9ccd135d5ff	v4	3	desktop	select.molecule	methane	false	el	160.40.50.234	1920x1080	1505144197	10800000	1505144197	Mozilla/5.0 (Windows NT 6.1; Win64; x64) AppleWebKit/537.36 (KHTML, like Gecko) Chrome/60.0.3112.113 Safari/537.36	cd1f4b3c-471e-00d9-7818-aecf5c536bb0	
68a75926033f70179b19a9ccd135d5ff	v4	3	desktop	reset	methanol	false	el	160.40.50.234	1920x1080	1505144198	10800000	1505144199	Mozilla/5.0 (Windows NT 6.1; Win64; x64) AppleWebKit/537.36 (KHTML, like Gecko) Chrome/60.0.3112.113 Safari/537.36	cd1f4b3c-471e-00d9-7818-aecf5c536bb0	
68a75926033f70179b19a9ccd135d5ff	v4	3	desktop	drop	methanol	false	el	160.40.50.234	1920x1080	1505144210	10800000	1505144210	Mozilla/5.0 (Windows NT 6.1; Win64; x64) AppleWebKit/537.36 (KHTML, like Gecko) Chrome/60.0.3112.113 Safari/537.36	cd1f4b3c-471e-00d9-7818-aecf5c536bb0	
68a75926033f70179b19a9ccd135d5ff	v4	3	desktop	check	methanol	true	el	160.40.50.234	1920x1080	1505144214	10800000	1505144214	Mozilla/5.0 (Windows NT 6.1; Win64; x64) AppleWebKit/537.36 (KHTML, like Gecko) Chrome/60.0.3112.113 Safari/537.36	cd1f4b3c-471e-00d9-7818-aecf5c536bb0	
68a75926033f70179b19a9ccd135d5ff	v4	3	desktop	select.molecule	ethanol	true	el	160.40.50.234	1920x1080	1505144216	10800000	1505144217	Mozilla/5.0 (Windows NT 6.1; Win64; x64) AppleWebKit/537.36 (KHTML, like Gecko) Chrome/60.0.3112.113 Safari/537.36	cd1f4b3c-471e-00d9-7818-aecf5c536bb0	
68a75926033f70179b19a9ccd135d5ff	v4	3	desktop	reset	ethanoic acid	true	el	160.40.50.234	1920x1080	1505144232	10800000	1505144233	Mozilla/5.0 (Windows NT 6.1; Win64; x64) AppleWebKit/537.36 (KHTML, like Gecko) Chrome/60.0.3112.113 Safari/537.36	cd1f4b3c-471e-00d9-7818-aecf5c536bb0	
68a75926033f70179b19a9ccd135d5ff	v4	3	desktop	drop	ethene	true	el	160.40.50.234	1920x1080	1505144252	10800000	1505144252	Mozilla/5.0 (Windows NT 6.1; Win64; x64) AppleWebKit/537.36 (KHTML, like Gecko) Chrome/60.0.3112.113 Safari/537.36	cd1f4b3c-471e-00d9-7818-aecf5c536bb0	
68a75926033f70179b19a9ccd135d5ff	v4	3	desktop	drop	ethene	true	el	160.40.50.234	1920x1080	1505144263	10800000	1505144264	Mozilla/5.0 (Windows NT 6.1; Win64; x64) AppleWebKit/537.36 (KHTML, like Gecko) Chrome/60.0.3112.113 Safari/537.36	cd1f4b3c-471e-00d9-7818-aecf5c536bb0	
68a75926033f70179b19a9ccd135d5ff	v4	3	desktop	drop	ethene	true	el	160.40.50.234	1920x1080	1505144266	10800000	1505144266	Mozilla/5.0 (Windows NT 6.1; Win64; x64) AppleWebKit/537.36 (KHTML, like Gecko) Chrome/60.0.3112.113 Safari/537.36	cd1f4b3c-471e-00d9-7818-aecf5c536bb0	
68a75926033f70179b19a9ccd135d5ff	v4	3	desktop	reset	ethanoic acid	true	el	160.40.50.234	1920x1080	1505144271	10800000	1505144271	Mozilla/5.0 (Windows NT 6.1; Win64; x64) AppleWebKit/537.36 (KHTML, like Gecko) Chrome/60.0.3112.113 Safari/537.36	cd1f4b3c-471e-00d9-7818-aecf5c536bb0	
68a75926033f70179b19a9ccd135d5ff	v4	3	desktop	drop	ethanoic acid	false	el	160.40.50.234	1920x1080	1505144552	10800000	1505144552	Mozilla/5.0 (Windows NT 6.1; Win64; x64) AppleWebKit/537.36 (KHTML, like Gecko) Chrome/60.0.3112.113 Safari/537.36	cd1f4b3c-471e-00d9-7818-aecf5c536bb0	
68a75926033f70179b19a9ccd135d5ff	v4	3	desktop	drop	ethanoic acid	false	el	160.40.50.234	1920x1080	1505144566	10800000	1505144566	Mozilla/5.0 (Windows NT 6.1; Win64; x64) AppleWebKit/537.36 (KHTML, like Gecko) Chrome/60.0.3112.113 Safari/537.36	cd1f4b3c-471e-00d9-7818-aecf5c536bb0	
68a75926033f70179b19a9ccd135d5ff	v4	3	desktop	drop	ethanoic acid	false	el	160.40.50.234	1920x1080	1505144680	10800000	1505144680	Mozilla/5.0 (Windows NT 6.1; Win64; x64) AppleWebKit/537.36 (KHTML, like Gecko) Chrome/60.0.3112.113 Safari/537.36	cd1f4b3c-471e-00d9-7818-aecf5c536bb0	
68a75926033f70179b19a9ccd135d5ff	v4	3	desktop	start	stage_3	true	el	160.40.50.234	1920x1080	1505144681	10800000	1505144681	Mozilla/5.0 (Windows NT 6.1; Win64; x64) AppleWebKit/537.36 (KHTML, like Gecko) Chrome/60.0.3112.113 Safari/537.36	cd1f4b3c-471e-00d9-7818-aecf5c536bb0	
68a75926033f70179b19a9ccd135d5ff	v4	3	desktop	select.molecule	butane	true	el	160.40.50.234	1920x1080	1505144685	10800000	1505144685	Mozilla/5.0 (Windows NT 6.1; Win64; x64) AppleWebKit/537.36 (KHTML, like Gecko) Chrome/60.0.3112.113 Safari/537.36	cd1f4b3c-471e-00d9-7818-aecf5c536bb0	
68a75926033f70179b19a9ccd135d5ff	v4	3	desktop	reset	butane	true	el	160.40.50.234	1920x1080	1505144685	10800000	1505144685	Mozilla/5.0 (Windows NT 6.1; Win64; x64) AppleWebKit/537.36 (KHTML, like Gecko) Chrome/60.0.3112.113 Safari/537.36	cd1f4b3c-471e-00d9-7818-aecf5c536bb0	
68a75926033f70179b19a9ccd135d5ff	v4	3	desktop	drop	butane	true	el	160.40.50.234	1920x1080	1505144698	10800000	1505144699	Mozilla/5.0 (Windows NT 6.1; Win64; x64) AppleWebKit/537.36 (KHTML, like Gecko) Chrome/60.0.3112.113 Safari/537.36	cd1f4b3c-471e-00d9-7818-aecf5c536bb0	
68a75926033f70179b19a9ccd135d5ff	v4	3	desktop	reset	propanone	true	el	160.40.50.234	1920x1080	1505144702	10800000	1505144702	Mozilla/5.0 (Windows NT 6.1; Win64; x64) AppleWebKit/537.36 (KHTML, like Gecko) Chrome/60.0.3112.113 Safari/537.36	cd1f4b3c-471e-00d9-7818-aecf5c536bb0	
68a75926033f70179b19a9ccd135d5ff	v4	3	desktop	start	stage_1	true	el	160.40.50.234	1920x1080	1505144702	10800000	1505144702	Mozilla/5.0 (Windows NT 6.1; Win64; x64) AppleWebKit/537.36 (KHTML, like Gecko) Chrome/60.0.3112.113 Safari/537.36	cd1f4b3c-471e-00d9-7818-aecf5c536bb0	
68a75926033f70179b19a9ccd135d5ff	v4	3	desktop	drop	propanone	false	el	160.40.50.234	1920x1080	1505145553	10800000	1505145553	Mozilla/5.0 (Windows NT 6.1; Win64; x64) AppleWebKit/537.36 (KHTML, like Gecko) Chrome/60.0.3112.113 Safari/537.36	cd1f4b3c-471e-00d9-7818-aecf5c536bb0	
68a75926033f70179b19a9ccd135d5ff	v4	3	desktop	drop	propanone	false	el	160.40.50.234	1920x1080	1505145697	10800000	1505145697	Mozilla/5.0 (Windows NT 6.1; Win64; x64) AppleWebKit/537.36 (KHTML, like Gecko) Chrome/60.0.3112.113 Safari/537.36	cd1f4b3c-471e-00d9-7818-aecf5c536bb0	
68a75926033f70179b19a9ccd135d5ff	v4	3	desktop	check	propanone	false	el	160.40.50.234	1920x1080	1505145728	10800000	1505145728	Mozilla/5.0 (Windows NT 6.1; Win64; x64) AppleWebKit/537.36 (KHTML, like Gecko) Chrome/60.0.3112.113 Safari/537.36	cd1f4b3c-471e-00d9-7818-aecf5c536bb0	
68a75926033f70179b19a9ccd135d5ff	v4	3	desktop	check	methane	true	el	160.40.50.234	1920x1080	1505143919	10800000	1505143919	Mozilla/5.0 (Windows NT 6.1; Win64; x64) AppleWebKit/537.36 (KHTML, like Gecko) Chrome/60.0.3112.113 Safari/537.36	cd1f4b3c-471e-00d9-7818-aecf5c536bb0	
68a75926033f70179b19a9ccd135d5ff	v4	3	desktop	reset	methanol	true	el	160.40.50.234	1920x1080	1505143921	10800000	1505143922	Mozilla/5.0 (Windows NT 6.1; Win64; x64) AppleWebKit/537.36 (KHTML, like Gecko) Chrome/60.0.3112.113 Safari/537.36	cd1f4b3c-471e-00d9-7818-aecf5c536bb0	
68a75926033f70179b19a9ccd135d5ff	v4	3	desktop	start	stage_1	true	el	160.40.50.234	1920x1080	1505144192	10800000	1505144192	Mozilla/5.0 (Windows NT 6.1; Win64; x64) AppleWebKit/537.36 (KHTML, like Gecko) Chrome/60.0.3112.113 Safari/537.36	cd1f4b3c-471e-00d9-7818-aecf5c536bb0	
68a75926033f70179b19a9ccd135d5ff	v4	3	desktop	check	ethanol	false	el	160.40.50.234	1920x1080	1505144194	10800000	1505144194	Mozilla/5.0 (Windows NT 6.1; Win64; x64) AppleWebKit/537.36 (KHTML, like Gecko) Chrome/60.0.3112.113 Safari/537.36	cd1f4b3c-471e-00d9-7818-aecf5c536bb0	
68a75926033f70179b19a9ccd135d5ff	v4	3	desktop	reset	methane	false	el	160.40.50.234	1920x1080	1505144197	10800000	1505144197	Mozilla/5.0 (Windows NT 6.1; Win64; x64) AppleWebKit/537.36 (KHTML, like Gecko) Chrome/60.0.3112.113 Safari/537.36	cd1f4b3c-471e-00d9-7818-aecf5c536bb0	
68a75926033f70179b19a9ccd135d5ff	v4	3	desktop	select.molecule	methanol	false	el	160.40.50.234	1920x1080	1505144198	10800000	1505144199	Mozilla/5.0 (Windows NT 6.1; Win64; x64) AppleWebKit/537.36 (KHTML, like Gecko) Chrome/60.0.3112.113 Safari/537.36	cd1f4b3c-471e-00d9-7818-aecf5c536bb0	
68a75926033f70179b19a9ccd135d5ff	v4	3	desktop	drop	methanol	false	el	160.40.50.234	1920x1080	1505144211	10800000	1505144211	Mozilla/5.0 (Windows NT 6.1; Win64; x64) AppleWebKit/537.36 (KHTML, like Gecko) Chrome/60.0.3112.113 Safari/537.36	cd1f4b3c-471e-00d9-7818-aecf5c536bb0	
68a75926033f70179b19a9ccd135d5ff	v4	3	desktop	reset	ethanol	true	el	160.40.50.234	1920x1080	1505144216	10800000	1505144217	Mozilla/5.0 (Windows NT 6.1; Win64; x64) AppleWebKit/537.36 (KHTML, like Gecko) Chrome/60.0.3112.113 Safari/537.36	cd1f4b3c-471e-00d9-7818-aecf5c536bb0	
68a75926033f70179b19a9ccd135d5ff	v4	3	desktop	drop	ethanol	true	el	160.40.50.234	1920x1080	1505144221	10800000	1505144221	Mozilla/5.0 (Windows NT 6.1; Win64; x64) AppleWebKit/537.36 (KHTML, like Gecko) Chrome/60.0.3112.113 Safari/537.36	cd1f4b3c-471e-00d9-7818-aecf5c536bb0	
68a75926033f70179b19a9ccd135d5ff	v4	3	desktop	drop	ethanol	true	el	160.40.50.234	1920x1080	1505144224	10800000	1505144224	Mozilla/5.0 (Windows NT 6.1; Win64; x64) AppleWebKit/537.36 (KHTML, like Gecko) Chrome/60.0.3112.113 Safari/537.36	cd1f4b3c-471e-00d9-7818-aecf5c536bb0	
68a75926033f70179b19a9ccd135d5ff	v4	3	desktop	drop	ethanol	true	el	160.40.50.234	1920x1080	1505144228	10800000	1505144228	Mozilla/5.0 (Windows NT 6.1; Win64; x64) AppleWebKit/537.36 (KHTML, like Gecko) Chrome/60.0.3112.113 Safari/537.36	cd1f4b3c-471e-00d9-7818-aecf5c536bb0	
68a75926033f70179b19a9ccd135d5ff	v4	3	desktop	check	ethanol	true	el	160.40.50.234	1920x1080	1505144230	10800000	1505144231	Mozilla/5.0 (Windows NT 6.1; Win64; x64) AppleWebKit/537.36 (KHTML, like Gecko) Chrome/60.0.3112.113 Safari/537.36	cd1f4b3c-471e-00d9-7818-aecf5c536bb0	
68a75926033f70179b19a9ccd135d5ff	v4	3	desktop	select.molecule	ethanoic acid	true	el	160.40.50.234	1920x1080	1505144232	10800000	1505144233	Mozilla/5.0 (Windows NT 6.1; Win64; x64) AppleWebKit/537.36 (KHTML, like Gecko) Chrome/60.0.3112.113 Safari/537.36	cd1f4b3c-471e-00d9-7818-aecf5c536bb0	
68a75926033f70179b19a9ccd135d5ff	v4	3	desktop	reset	ethene	true	el	160.40.50.234	1920x1080	1505144237	10800000	1505144237	Mozilla/5.0 (Windows NT 6.1; Win64; x64) AppleWebKit/537.36 (KHTML, like Gecko) Chrome/60.0.3112.113 Safari/537.36	cd1f4b3c-471e-00d9-7818-aecf5c536bb0	
68a75926033f70179b19a9ccd135d5ff	v4	3	desktop	start	stage_1	true	el	160.40.50.234	1920x1080	1505144271	10800000	1505144271	Mozilla/5.0 (Windows NT 6.1; Win64; x64) AppleWebKit/537.36 (KHTML, like Gecko) Chrome/60.0.3112.113 Safari/537.36	cd1f4b3c-471e-00d9-7818-aecf5c536bb0	
68a75926033f70179b19a9ccd135d5ff	v4	3	desktop	drop	ethanoic acid	true	el	160.40.50.234	1920x1080	1505144348	10800000	1505144348	Mozilla/5.0 (Windows NT 6.1; Win64; x64) AppleWebKit/537.36 (KHTML, like Gecko) Chrome/60.0.3112.113 Safari/537.36	cd1f4b3c-471e-00d9-7818-aecf5c536bb0	
68a75926033f70179b19a9ccd135d5ff	v4	3	desktop	check	ethanoic acid	false	el	160.40.50.234	1920x1080	1505144355	10800000	1505144356	Mozilla/5.0 (Windows NT 6.1; Win64; x64) AppleWebKit/537.36 (KHTML, like Gecko) Chrome/60.0.3112.113 Safari/537.36	cd1f4b3c-471e-00d9-7818-aecf5c536bb0	
68a75926033f70179b19a9ccd135d5ff	v4	3	desktop	start	stage_1	true	el	160.40.50.234	1920x1080	1505144685	10800000	1505144685	Mozilla/5.0 (Windows NT 6.1; Win64; x64) AppleWebKit/537.36 (KHTML, like Gecko) Chrome/60.0.3112.113 Safari/537.36	cd1f4b3c-471e-00d9-7818-aecf5c536bb0	
68a75926033f70179b19a9ccd135d5ff	v4	3	desktop	drop	butane	true	el	160.40.50.234	1920x1080	1505144691	10800000	1505144691	Mozilla/5.0 (Windows NT 6.1; Win64; x64) AppleWebKit/537.36 (KHTML, like Gecko) Chrome/60.0.3112.113 Safari/537.36	cd1f4b3c-471e-00d9-7818-aecf5c536bb0	
68a75926033f70179b19a9ccd135d5ff	v4	3	desktop	drop	butane	true	el	160.40.50.234	1920x1080	1505144697	10800000	1505144697	Mozilla/5.0 (Windows NT 6.1; Win64; x64) AppleWebKit/537.36 (KHTML, like Gecko) Chrome/60.0.3112.113 Safari/537.36	cd1f4b3c-471e-00d9-7818-aecf5c536bb0	
68a75926033f70179b19a9ccd135d5ff	v4	3	desktop	start	stage_3	true	el	160.40.50.234	1920x1080	1505144699	10800000	1505144699	Mozilla/5.0 (Windows NT 6.1; Win64; x64) AppleWebKit/537.36 (KHTML, like Gecko) Chrome/60.0.3112.113 Safari/537.36	cd1f4b3c-471e-00d9-7818-aecf5c536bb0	
68a75926033f70179b19a9ccd135d5ff	v4	3	desktop	check	propanone	false	el	160.40.50.234	1920x1080	1505145130	10800000	1505145130	Mozilla/5.0 (Windows NT 6.1; Win64; x64) AppleWebKit/537.36 (KHTML, like Gecko) Chrome/60.0.3112.113 Safari/537.36	cd1f4b3c-471e-00d9-7818-aecf5c536bb0	
68a75926033f70179b19a9ccd135d5ff	v4	3	desktop	check	propanone	false	el	160.40.50.234	1920x1080	1505145558	10800000	1505145558	Mozilla/5.0 (Windows NT 6.1; Win64; x64) AppleWebKit/537.36 (KHTML, like Gecko) Chrome/60.0.3112.113 Safari/537.36	cd1f4b3c-471e-00d9-7818-aecf5c536bb0	
68a75926033f70179b19a9ccd135d5ff	v4	3	desktop	drop	propanone	false	el	160.40.50.234	1920x1080	1505145695	10800000	1505145695	Mozilla/5.0 (Windows NT 6.1; Win64; x64) AppleWebKit/537.36 (KHTML, like Gecko) Chrome/60.0.3112.113 Safari/537.36	cd1f4b3c-471e-00d9-7818-aecf5c536bb0	
68a75926033f70179b19a9ccd135d5ff	v4	3	desktop	drop	propanone	false	el	160.40.50.234	1920x1080	1505145710	10800000	1505145710	Mozilla/5.0 (Windows NT 6.1; Win64; x64) AppleWebKit/537.36 (KHTML, like Gecko) Chrome/60.0.3112.113 Safari/537.36	cd1f4b3c-471e-00d9-7818-aecf5c536bb0	
68a75926033f70179b19a9ccd135d5ff	v4	3	desktop	drop	methane		el	160.40.50.234	1920x1080	1505143916	10800000	1505143916	Mozilla/5.0 (Windows NT 6.1; Win64; x64) AppleWebKit/537.36 (KHTML, like Gecko) Chrome/60.0.3112.113 Safari/537.36	cd1f4b3c-471e-00d9-7818-aecf5c536bb0	
68a75926033f70179b19a9ccd135d5ff	v4	3	desktop	start	stage_1	true	el	160.40.50.234	1920x1080	1505143921	10800000	1505143922	Mozilla/5.0 (Windows NT 6.1; Win64; x64) AppleWebKit/537.36 (KHTML, like Gecko) Chrome/60.0.3112.113 Safari/537.36	cd1f4b3c-471e-00d9-7818-aecf5c536bb0	
68a75926033f70179b19a9ccd135d5ff	v4	3	desktop	select.molecule	ethanol	true	el	160.40.50.234	1920x1080	1505144192	10800000	1505144192	Mozilla/5.0 (Windows NT 6.1; Win64; x64) AppleWebKit/537.36 (KHTML, like Gecko) Chrome/60.0.3112.113 Safari/537.36	cd1f4b3c-471e-00d9-7818-aecf5c536bb0	
68a75926033f70179b19a9ccd135d5ff	v4	3	desktop	start	stage_1	false	el	160.40.50.234	1920x1080	1505144197	10800000	1505144197	Mozilla/5.0 (Windows NT 6.1; Win64; x64) AppleWebKit/537.36 (KHTML, like Gecko) Chrome/60.0.3112.113 Safari/537.36	cd1f4b3c-471e-00d9-7818-aecf5c536bb0	
68a75926033f70179b19a9ccd135d5ff	v4	3	desktop	start	stage_1	false	el	160.40.50.234	1920x1080	1505144198	10800000	1505144199	Mozilla/5.0 (Windows NT 6.1; Win64; x64) AppleWebKit/537.36 (KHTML, like Gecko) Chrome/60.0.3112.113 Safari/537.36	cd1f4b3c-471e-00d9-7818-aecf5c536bb0	
68a75926033f70179b19a9ccd135d5ff	v4	3	desktop	drop	methanol	false	el	160.40.50.234	1920x1080	1505144213	10800000	1505144214	Mozilla/5.0 (Windows NT 6.1; Win64; x64) AppleWebKit/537.36 (KHTML, like Gecko) Chrome/60.0.3112.113 Safari/537.36	cd1f4b3c-471e-00d9-7818-aecf5c536bb0	
68a75926033f70179b19a9ccd135d5ff	v4	3	desktop	start	stage_3	true	el	160.40.50.234	1920x1080	1505144214	10800000	1505144214	Mozilla/5.0 (Windows NT 6.1; Win64; x64) AppleWebKit/537.36 (KHTML, like Gecko) Chrome/60.0.3112.113 Safari/537.36	cd1f4b3c-471e-00d9-7818-aecf5c536bb0	
68a75926033f70179b19a9ccd135d5ff	v4	3	desktop	start	stage_1	true	el	160.40.50.234	1920x1080	1505144216	10800000	1505144217	Mozilla/5.0 (Windows NT 6.1; Win64; x64) AppleWebKit/537.36 (KHTML, like Gecko) Chrome/60.0.3112.113 Safari/537.36	cd1f4b3c-471e-00d9-7818-aecf5c536bb0	
68a75926033f70179b19a9ccd135d5ff	v4	3	desktop	start	stage_3	true	el	160.40.50.234	1920x1080	1505144230	10800000	1505144231	Mozilla/5.0 (Windows NT 6.1; Win64; x64) AppleWebKit/537.36 (KHTML, like Gecko) Chrome/60.0.3112.113 Safari/537.36	cd1f4b3c-471e-00d9-7818-aecf5c536bb0	
68a75926033f70179b19a9ccd135d5ff	v4	3	desktop	start	stage_1	true	el	160.40.50.234	1920x1080	1505144232	10800000	1505144233	Mozilla/5.0 (Windows NT 6.1; Win64; x64) AppleWebKit/537.36 (KHTML, like Gecko) Chrome/60.0.3112.113 Safari/537.36	cd1f4b3c-471e-00d9-7818-aecf5c536bb0	
68a75926033f70179b19a9ccd135d5ff	v4	3	desktop	select.molecule	ethene	true	el	160.40.50.234	1920x1080	1505144237	10800000	1505144237	Mozilla/5.0 (Windows NT 6.1; Win64; x64) AppleWebKit/537.36 (KHTML, like Gecko) Chrome/60.0.3112.113 Safari/537.36	cd1f4b3c-471e-00d9-7818-aecf5c536bb0	
68a75926033f70179b19a9ccd135d5ff	v4	3	desktop	start	stage_1	true	el	160.40.50.234	1920x1080	1505144237	10800000	1505144237	Mozilla/5.0 (Windows NT 6.1; Win64; x64) AppleWebKit/537.36 (KHTML, like Gecko) Chrome/60.0.3112.113 Safari/537.36	cd1f4b3c-471e-00d9-7818-aecf5c536bb0	
68a75926033f70179b19a9ccd135d5ff	v4	3	desktop	check	ethene	true	el	160.40.50.234	1920x1080	1505144267	10800000	1505144267	Mozilla/5.0 (Windows NT 6.1; Win64; x64) AppleWebKit/537.36 (KHTML, like Gecko) Chrome/60.0.3112.113 Safari/537.36	cd1f4b3c-471e-00d9-7818-aecf5c536bb0	
68a75926033f70179b19a9ccd135d5ff	v4	3	desktop	start	stage_3	true	el	160.40.50.234	1920x1080	1505144267	10800000	1505144267	Mozilla/5.0 (Windows NT 6.1; Win64; x64) AppleWebKit/537.36 (KHTML, like Gecko) Chrome/60.0.3112.113 Safari/537.36	cd1f4b3c-471e-00d9-7818-aecf5c536bb0	
68a75926033f70179b19a9ccd135d5ff	v4	3	desktop	select.molecule	ethanoic acid	true	el	160.40.50.234	1920x1080	1505144271	10800000	1505144271	Mozilla/5.0 (Windows NT 6.1; Win64; x64) AppleWebKit/537.36 (KHTML, like Gecko) Chrome/60.0.3112.113 Safari/537.36	cd1f4b3c-471e-00d9-7818-aecf5c536bb0	
68a75926033f70179b19a9ccd135d5ff	v4	3	desktop	drop	ethanoic acid	true	el	160.40.50.234	1920x1080	1505144352	10800000	1505144353	Mozilla/5.0 (Windows NT 6.1; Win64; x64) AppleWebKit/537.36 (KHTML, like Gecko) Chrome/60.0.3112.113 Safari/537.36	cd1f4b3c-471e-00d9-7818-aecf5c536bb0	
68a75926033f70179b19a9ccd135d5ff	v4	3	desktop	drop	ethanoic acid	true	el	160.40.50.234	1920x1080	1505144355	10800000	1505144355	Mozilla/5.0 (Windows NT 6.1; Win64; x64) AppleWebKit/537.36 (KHTML, like Gecko) Chrome/60.0.3112.113 Safari/537.36	cd1f4b3c-471e-00d9-7818-aecf5c536bb0	
68a75926033f70179b19a9ccd135d5ff	v4	3	desktop	check	ethanoic acid	true	el	160.40.50.234	1920x1080	1505144680	10800000	1505144681	Mozilla/5.0 (Windows NT 6.1; Win64; x64) AppleWebKit/537.36 (KHTML, like Gecko) Chrome/60.0.3112.113 Safari/537.36	cd1f4b3c-471e-00d9-7818-aecf5c536bb0	
68a75926033f70179b19a9ccd135d5ff	v4	3	desktop	check	butane	true	el	160.40.50.234	1920x1080	1505144699	10800000	1505144699	Mozilla/5.0 (Windows NT 6.1; Win64; x64) AppleWebKit/537.36 (KHTML, like Gecko) Chrome/60.0.3112.113 Safari/537.36	cd1f4b3c-471e-00d9-7818-aecf5c536bb0	
68a75926033f70179b19a9ccd135d5ff	v4	3	desktop	select.molecule	propanone	true	el	160.40.50.234	1920x1080	1505144702	10800000	1505144702	Mozilla/5.0 (Windows NT 6.1; Win64; x64) AppleWebKit/537.36 (KHTML, like Gecko) Chrome/60.0.3112.113 Safari/537.36	cd1f4b3c-471e-00d9-7818-aecf5c536bb0	
68a75926033f70179b19a9ccd135d5ff	v4	3	desktop	drop	propanone	false	el	160.40.50.234	1920x1080	1505145540	10800000	1505145540	Mozilla/5.0 (Windows NT 6.1; Win64; x64) AppleWebKit/537.36 (KHTML, like Gecko) Chrome/60.0.3112.113 Safari/537.36	cd1f4b3c-471e-00d9-7818-aecf5c536bb0	
68a75926033f70179b19a9ccd135d5ff	v4	3	desktop	drop	propanone	false	el	160.40.50.234	1920x1080	1505145555	10800000	1505145555	Mozilla/5.0 (Windows NT 6.1; Win64; x64) AppleWebKit/537.36 (KHTML, like Gecko) Chrome/60.0.3112.113 Safari/537.36	cd1f4b3c-471e-00d9-7818-aecf5c536bb0	
68a75926033f70179b19a9ccd135d5ff	v4	3	desktop	drop	propanone	false	el	160.40.50.234	1920x1080	1505145557	10800000	1505145557	Mozilla/5.0 (Windows NT 6.1; Win64; x64) AppleWebKit/537.36 (KHTML, like Gecko) Chrome/60.0.3112.113 Safari/537.36	cd1f4b3c-471e-00d9-7818-aecf5c536bb0	
68a75926033f70179b19a9ccd135d5ff	v4	3	desktop	drop	propanone	false	el	160.40.50.234	1920x1080	1505145715	10800000	1505145716	Mozilla/5.0 (Windows NT 6.1; Win64; x64) AppleWebKit/537.36 (KHTML, like Gecko) Chrome/60.0.3112.113 Safari/537.36	cd1f4b3c-471e-00d9-7818-aecf5c536bb0	
68a75926033f70179b19a9ccd135d5ff	v4	3	desktop	drop	propanone	false	el	160.40.50.234	1920x1080	1505145727	10800000	1505145727	Mozilla/5.0 (Windows NT 6.1; Win64; x64) AppleWebKit/537.36 (KHTML, like Gecko) Chrome/60.0.3112.113 Safari/537.36	cd1f4b3c-471e-00d9-7818-aecf5c536bb0	
68a75926033f70179b19a9ccd135d5ff		3	desktop	gtm.dom			en-US	66.102.8.211	1024x768	1505177486	-14400000	1505177485	Mozilla/5.0 (Windows NT 6.1; WOW64; Trident/7.0; rv:11.0) like Gecko	6ec45f15-9983-294f-3181-654c65950e57	
68a75926033f70179b19a9ccd135d5ff		3	desktop	gtm.js			en-US	66.102.8.207	1024x768	1505177486	-14400000	1505177485	Mozilla/5.0 (Windows NT 6.1; WOW64; Trident/7.0; rv:11.0) like Gecko	6ec45f15-9983-294f-3181-654c65950e57	
68a75926033f70179b19a9ccd135d5ff		3	desktop	gtm.load			en-US	66.102.8.209	1024x768	1505177486	-14400000	1505177485	Mozilla/5.0 (Windows NT 6.1; WOW64; Trident/7.0; rv:11.0) like Gecko	6ec45f15-9983-294f-3181-654c65950e57	
68a75926033f70179b19a9ccd135d5ff		3	desktop	gtm.load			en-US	66.102.6.153	1024x768	1505268181	-18000000	1505268180	Mozilla/5.0 (Windows NT 6.1; WOW64; Trident/7.0; rv:11.0) like Gecko	3e91edd6-56e7-1dac-ba50-dea68f620872	
68a75926033f70179b19a9ccd135d5ff		3	desktop	gtm.dom			en-US	66.102.6.153	1024x768	1505268181	-18000000	1505268180	Mozilla/5.0 (Windows NT 6.1; WOW64; Trident/7.0; rv:11.0) like Gecko	3e91edd6-56e7-1dac-ba50-dea68f620872	
68a75926033f70179b19a9ccd135d5ff		3	desktop	gtm.js			en-US	66.102.6.145	1024x768	1505268181	-18000000	1505268180	Mozilla/5.0 (Windows NT 6.1; WOW64; Trident/7.0; rv:11.0) like Gecko	3e91edd6-56e7-1dac-ba50-dea68f620872	
68a75926033f70179b19a9ccd135d5ff		3	desktop	gtm.load			en-US	66.249.88.71	1024x768	1505359023	-21600000	1505359022	Mozilla/5.0 (Windows NT 6.1; Win64; x64; Trident/7.0; rv:11.0) like Gecko	ad1b322f-3ca0-610c-8679-c15dd94d1b81	
68a75926033f70179b19a9ccd135d5ff		3	desktop	gtm.dom			en-US	66.249.88.73	1024x768	1505359023	-21600000	1505359022	Mozilla/5.0 (Windows NT 6.1; Win64; x64; Trident/7.0; rv:11.0) like Gecko	ad1b322f-3ca0-610c-8679-c15dd94d1b81	
68a75926033f70179b19a9ccd135d5ff		3	desktop	gtm.js			en-US	66.249.88.71	1024x768	1505359023	-21600000	1505359022	Mozilla/5.0 (Windows NT 6.1; Win64; x64; Trident/7.0; rv:11.0) like Gecko	ad1b322f-3ca0-610c-8679-c15dd94d1b81	
68a75926033f70179b19a9ccd135d5ff	v4	3	desktop	launch			el	160.40.50.234	1920x1080	1505389968	10800000	1505389968	Mozilla/5.0 (Windows NT 6.1; Win64; x64) AppleWebKit/537.36 (KHTML, like Gecko) Chrome/60.0.3112.113 Safari/537.36	cd1f4b3c-471e-00d9-7818-aecf5c536bb0	
68a75926033f70179b19a9ccd135d5ff		3	desktop	gtm.js			en-US	66.249.88.83	1024x768	1505449121	-14400000	1505449119	Mozilla/5.0 (Windows NT 6.1; Win64; x64; Trident/7.0; rv:11.0) like Gecko	853e6136-a50b-d562-8b45-232db368898b	
68a75926033f70179b19a9ccd135d5ff		3	desktop	gtm.dom			en-US	66.249.88.71	1024x768	1505449121	-14400000	1505449119	Mozilla/5.0 (Windows NT 6.1; Win64; x64; Trident/7.0; rv:11.0) like Gecko	853e6136-a50b-d562-8b45-232db368898b	
68a75926033f70179b19a9ccd135d5ff		3	desktop	gtm.load			en-US	66.249.88.73	1024x768	1505449121	-14400000	1505449119	Mozilla/5.0 (Windows NT 6.1; Win64; x64; Trident/7.0; rv:11.0) like Gecko	853e6136-a50b-d562-8b45-232db368898b	
68a75926033f70179b19a9ccd135d5ff		3	desktop	gtm.js			en-US	66.102.6.90	1024x768	1505538133	-14400000	1505538132	Mozilla/5.0 (Windows NT 6.1; WOW64; Trident/7.0; rv:11.0) like Gecko	b59c927f-0e54-41a0-b7bf-ab84aed84178	
68a75926033f70179b19a9ccd135d5ff		3	desktop	gtm.dom			en-US	66.102.6.90	1024x768	1505538133	-14400000	1505538132	Mozilla/5.0 (Windows NT 6.1; WOW64; Trident/7.0; rv:11.0) like Gecko	b59c927f-0e54-41a0-b7bf-ab84aed84178	
68a75926033f70179b19a9ccd135d5ff		3	desktop	gtm.load			en-US	66.102.6.89	1024x768	1505538133	-14400000	1505538132	Mozilla/5.0 (Windows NT 6.1; WOW64; Trident/7.0; rv:11.0) like Gecko	b59c927f-0e54-41a0-b7bf-ab84aed84178	
68a75926033f70179b19a9ccd135d5ff		3	desktop	gtm.dom			en-US	66.102.6.83	1024x768	1505629465	-18000000	1505629465	Mozilla/5.0 (Windows NT 6.1; Win64; x64; Trident/7.0; rv:11.0) like Gecko	fb68e63d-f025-b0b6-03aa-8657cdf9b47c	
68a75926033f70179b19a9ccd135d5ff		3	desktop	gtm.js			en-US	66.102.6.91	1024x768	1505629465	-18000000	1505629465	Mozilla/5.0 (Windows NT 6.1; Win64; x64; Trident/7.0; rv:11.0) like Gecko	fb68e63d-f025-b0b6-03aa-8657cdf9b47c	
68a75926033f70179b19a9ccd135d5ff		3	desktop	gtm.load			en-US	66.102.6.82	1024x768	1505629465	-18000000	1505629465	Mozilla/5.0 (Windows NT 6.1; Win64; x64; Trident/7.0; rv:11.0) like Gecko	fb68e63d-f025-b0b6-03aa-8657cdf9b47c	
68a75926033f70179b19a9ccd135d5ff		3	desktop	gtm.js			en-US	66.102.6.83	1024x768	1505719529	-18000000	1505719528	Mozilla/5.0 (Windows NT 6.1; WOW64; Trident/7.0; rv:11.0) like Gecko	8da31460-08d9-e186-4274-1a06eb4e8432	
68a75926033f70179b19a9ccd135d5ff		3	desktop	gtm.load			en-US	66.102.6.83	1024x768	1505719529	-18000000	1505719528	Mozilla/5.0 (Windows NT 6.1; WOW64; Trident/7.0; rv:11.0) like Gecko	8da31460-08d9-e186-4274-1a06eb4e8432	
68a75926033f70179b19a9ccd135d5ff		3	desktop	gtm.dom			en-US	66.102.6.82	1024x768	1505719529	-18000000	1505719528	Mozilla/5.0 (Windows NT 6.1; WOW64; Trident/7.0; rv:11.0) like Gecko	8da31460-08d9-e186-4274-1a06eb4e8432	
68a75926033f70179b19a9ccd135d5ff	v4	3	desktop	launch			de	213.168.78.22	1280x800	1505720441	7200000	1505720441	Mozilla/5.0 (Macintosh; Intel Mac OS X 10_11_6) AppleWebKit/537.36 (KHTML, like Gecko) Chrome/60.0.3112.113 Safari/537.36	dd116a4a-fcec-316c-9e55-f885210a3387	
68a75926033f70179b19a9ccd135d5ff	v4	3	desktop	select.molecule	--		de	213.168.78.22	1280x800	1505720462	7200000	1505720462	Mozilla/5.0 (Macintosh; Intel Mac OS X 10_11_6) AppleWebKit/537.36 (KHTML, like Gecko) Chrome/60.0.3112.113 Safari/537.36	dd116a4a-fcec-316c-9e55-f885210a3387	
68a75926033f70179b19a9ccd135d5ff	v4	3	desktop	start	stage_1		de	213.168.78.22	1280x800	1505720462	7200000	1505720462	Mozilla/5.0 (Macintosh; Intel Mac OS X 10_11_6) AppleWebKit/537.36 (KHTML, like Gecko) Chrome/60.0.3112.113 Safari/537.36	dd116a4a-fcec-316c-9e55-f885210a3387	
68a75926033f70179b19a9ccd135d5ff		3	desktop	gtm.js			en-US	66.102.8.202	1024x768	1505809442	-18000000	1505809442	Mozilla/5.0 (Windows NT 10.0; WOW64; Trident/7.0; rv:11.0) like Gecko	01b09c1f-24d9-adad-2d68-82e955eed169	
68a75926033f70179b19a9ccd135d5ff		3	desktop	gtm.dom			en-US	66.102.8.211	1024x768	1505809442	-18000000	1505809442	Mozilla/5.0 (Windows NT 10.0; WOW64; Trident/7.0; rv:11.0) like Gecko	01b09c1f-24d9-adad-2d68-82e955eed169	
68a75926033f70179b19a9ccd135d5ff		3	desktop	gtm.load			en-US	66.102.8.209	1024x768	1505809442	-18000000	1505809442	Mozilla/5.0 (Windows NT 10.0; WOW64; Trident/7.0; rv:11.0) like Gecko	01b09c1f-24d9-adad-2d68-82e955eed169	
68a75926033f70179b19a9ccd135d5ff		3	desktop	gtm.dom			en-US	66.102.6.83	1024x768	1505901533	-18000000	1505901532	Mozilla/5.0 (Windows NT 6.1; Trident/7.0; rv:11.0) like Gecko	e859787e-b8a4-f67c-841a-9338233fcaae	
68a75926033f70179b19a9ccd135d5ff		3	desktop	gtm.js			en-US	66.102.6.82	1024x768	1505901533	-18000000	1505901532	Mozilla/5.0 (Windows NT 6.1; Trident/7.0; rv:11.0) like Gecko	e859787e-b8a4-f67c-841a-9338233fcaae	
68a75926033f70179b19a9ccd135d5ff		3	desktop	gtm.load			en-US	66.102.6.82	1024x768	1505901533	-18000000	1505901532	Mozilla/5.0 (Windows NT 6.1; Trident/7.0; rv:11.0) like Gecko	e859787e-b8a4-f67c-841a-9338233fcaae	
68a75926033f70179b19a9ccd135d5ff		3	desktop	gtm.load			en-US	66.102.8.198	1024x768	1505994007	-18000000	1505994006	Mozilla/5.0 (Windows NT 6.1; WOW64; Trident/7.0; rv:11.0) like Gecko	8da2a63b-50fb-1856-47b1-53c515489683	
68a75926033f70179b19a9ccd135d5ff		3	desktop	gtm.dom			en-US	66.102.8.209	1024x768	1505994007	-18000000	1505994006	Mozilla/5.0 (Windows NT 6.1; WOW64; Trident/7.0; rv:11.0) like Gecko	8da2a63b-50fb-1856-47b1-53c515489683	
68a75926033f70179b19a9ccd135d5ff		3	desktop	gtm.js			en-US	66.102.8.202	1024x768	1505994007	-18000000	1505994006	Mozilla/5.0 (Windows NT 6.1; WOW64; Trident/7.0; rv:11.0) like Gecko	8da2a63b-50fb-1856-47b1-53c515489683	
68a75926033f70179b19a9ccd135d5ff		3	desktop	gtm.dom			en-US	66.102.8.200	1024x768	1506085116	-14400000	1506085115	Mozilla/5.0 (Windows NT 6.1; WOW64; Trident/7.0; rv:11.0) like Gecko	252a0369-91ad-b8de-1558-b04644f53445	
68a75926033f70179b19a9ccd135d5ff		3	desktop	gtm.js			en-US	66.102.8.200	1024x768	1506085116	-14400000	1506085115	Mozilla/5.0 (Windows NT 6.1; WOW64; Trident/7.0; rv:11.0) like Gecko	252a0369-91ad-b8de-1558-b04644f53445	
68a75926033f70179b19a9ccd135d5ff		3	desktop	gtm.load			en-US	66.102.8.198	1024x768	1506085116	-14400000	1506085115	Mozilla/5.0 (Windows NT 6.1; WOW64; Trident/7.0; rv:11.0) like Gecko	252a0369-91ad-b8de-1558-b04644f53445	
68a75926033f70179b19a9ccd135d5ff		3	desktop	gtm.dom			en-US	66.102.8.211	1024x768	1506175155	-14400000	1506175154	Mozilla/5.0 (Windows NT 6.1; Trident/7.0; rv:11.0) like Gecko	d1b7cf3b-9b06-0442-0bd2-b4b221fdd2e8	
68a75926033f70179b19a9ccd135d5ff		3	desktop	gtm.load			en-US	66.102.8.198	1024x768	1506175155	-14400000	1506175154	Mozilla/5.0 (Windows NT 6.1; Trident/7.0; rv:11.0) like Gecko	d1b7cf3b-9b06-0442-0bd2-b4b221fdd2e8	
68a75926033f70179b19a9ccd135d5ff		3	desktop	gtm.js			en-US	66.102.8.209	1024x768	1506175155	-14400000	1506175154	Mozilla/5.0 (Windows NT 6.1; Trident/7.0; rv:11.0) like Gecko	d1b7cf3b-9b06-0442-0bd2-b4b221fdd2e8	
68a75926033f70179b19a9ccd135d5ff		3	desktop	gtm.load			en-US	66.102.6.154	1024x768	1506265709	-25200000	1506265707	Mozilla/5.0 (Windows NT 10.0; WOW64; Trident/7.0; Touch; rv:11.0) like Gecko	ebb1c197-5951-d974-3d50-bec02784cd84	
68a75926033f70179b19a9ccd135d5ff		3	desktop	gtm.dom			en-US	66.102.6.147	1024x768	1506265709	-25200000	1506265707	Mozilla/5.0 (Windows NT 10.0; WOW64; Trident/7.0; Touch; rv:11.0) like Gecko	ebb1c197-5951-d974-3d50-bec02784cd84	
68a75926033f70179b19a9ccd135d5ff		3	desktop	gtm.js			en-US	66.102.6.154	1024x768	1506265709	-25200000	1506265707	Mozilla/5.0 (Windows NT 10.0; WOW64; Trident/7.0; Touch; rv:11.0) like Gecko	ebb1c197-5951-d974-3d50-bec02784cd84	
68a75926033f70179b19a9ccd135d5ff		3	desktop	gtm.dom			en-US	66.249.88.72	1024x768	1506356625	-18000000	1506356624	Mozilla/5.0 (Windows NT 6.1; WOW64; Trident/7.0; rv:11.0) like Gecko	0a55b3f7-37d6-6d01-cfc7-2af7d85846c2	
68a75926033f70179b19a9ccd135d5ff		3	desktop	gtm.load			en-US	66.249.88.74	1024x768	1506356625	-18000000	1506356624	Mozilla/5.0 (Windows NT 6.1; WOW64; Trident/7.0; rv:11.0) like Gecko	0a55b3f7-37d6-6d01-cfc7-2af7d85846c2	
68a75926033f70179b19a9ccd135d5ff		3	desktop	gtm.js			en-US	66.249.88.70	1024x768	1506356625	-18000000	1506356624	Mozilla/5.0 (Windows NT 6.1; WOW64; Trident/7.0; rv:11.0) like Gecko	0a55b3f7-37d6-6d01-cfc7-2af7d85846c2	
68a75926033f70179b19a9ccd135d5ff		3	desktop	gtm.load			en-US	66.102.6.170	1024x768	1506444957	-14400000	1506444956	Mozilla/5.0 (Windows NT 6.1; WOW64; Trident/7.0; rv:11.0) like Gecko	49b546a2-0654-0855-d04d-4f6f784e3628	
68a75926033f70179b19a9ccd135d5ff		3	desktop	gtm.js			en-US	66.102.6.177	1024x768	1506444957	-14400000	1506444956	Mozilla/5.0 (Windows NT 6.1; WOW64; Trident/7.0; rv:11.0) like Gecko	49b546a2-0654-0855-d04d-4f6f784e3628	
68a75926033f70179b19a9ccd135d5ff		3	desktop	gtm.dom			en-US	66.102.6.175	1024x768	1506444957	-14400000	1506444956	Mozilla/5.0 (Windows NT 6.1; WOW64; Trident/7.0; rv:11.0) like Gecko	49b546a2-0654-0855-d04d-4f6f784e3628	
68a75926033f70179b19a9ccd135d5ff		3	desktop	gtm.js			en-US	66.102.6.188	1024x768	1506538366	-18000000	1506538365	Mozilla/5.0 (Windows NT 6.1; Win64; x64; Trident/7.0; rv:11.0) like Gecko	20eb6e5b-054c-8994-f426-05cf42b5365b	
68a75926033f70179b19a9ccd135d5ff		3	desktop	gtm.dom			en-US	66.102.6.188	1024x768	1506538366	-18000000	1506538365	Mozilla/5.0 (Windows NT 6.1; Win64; x64; Trident/7.0; rv:11.0) like Gecko	20eb6e5b-054c-8994-f426-05cf42b5365b	
68a75926033f70179b19a9ccd135d5ff		3	desktop	gtm.load			en-US	66.102.6.188	1024x768	1506538366	-18000000	1506538365	Mozilla/5.0 (Windows NT 6.1; Win64; x64; Trident/7.0; rv:11.0) like Gecko	20eb6e5b-054c-8994-f426-05cf42b5365b	
68a75926033f70179b19a9ccd135d5ff		3	desktop	gtm.dom			en-US	66.249.88.74	1024x768	1506487060	-14400000	1506487059	Mozilla/5.0 (Windows NT 6.1; Trident/7.0; rv:11.0) like Gecko	d362a688-57e8-7b31-f578-051cdc2261dc	
68a75926033f70179b19a9ccd135d5ff		3	desktop	gtm.load			en-US	66.249.88.79	1024x768	1506487060	-14400000	1506487059	Mozilla/5.0 (Windows NT 6.1; Trident/7.0; rv:11.0) like Gecko	d362a688-57e8-7b31-f578-051cdc2261dc	
68a75926033f70179b19a9ccd135d5ff		3	desktop	gtm.js			en-US	66.249.88.74	1024x768	1506487060	-14400000	1506487059	Mozilla/5.0 (Windows NT 6.1; Trident/7.0; rv:11.0) like Gecko	d362a688-57e8-7b31-f578-051cdc2261dc	
68a75926033f70179b19a9ccd135d5ff		3	desktop	gtm.js			en-US	66.102.8.211	1024x768	1506629717	-25200000	1506629716	Mozilla/5.0 (Windows NT 6.3; WOW64; Trident/7.0; rv:11.0) like Gecko	078998ac-a6a1-ad62-c076-c9452786c148	
68a75926033f70179b19a9ccd135d5ff		3	desktop	gtm.load			en-US	66.102.8.207	1024x768	1506629717	-25200000	1506629716	Mozilla/5.0 (Windows NT 6.3; WOW64; Trident/7.0; rv:11.0) like Gecko	078998ac-a6a1-ad62-c076-c9452786c148	
68a75926033f70179b19a9ccd135d5ff		3	desktop	gtm.dom			en-US	66.102.8.222	1024x768	1506629717	-25200000	1506629716	Mozilla/5.0 (Windows NT 6.3; WOW64; Trident/7.0; rv:11.0) like Gecko	078998ac-a6a1-ad62-c076-c9452786c148	
68a75926033f70179b19a9ccd135d5ff		3	desktop	gtm.dom			en-US	66.249.88.87	1024x768	1506727361	-18000000	1506727360	Mozilla/5.0 (Windows NT 6.1; Trident/7.0; rv:11.0) like Gecko	c72d808a-196d-1aa5-cc96-926dc75ba5fd	
68a75926033f70179b19a9ccd135d5ff		3	desktop	gtm.js			en-US	66.249.88.91	1024x768	1506727361	-18000000	1506727360	Mozilla/5.0 (Windows NT 6.1; Trident/7.0; rv:11.0) like Gecko	c72d808a-196d-1aa5-cc96-926dc75ba5fd	
68a75926033f70179b19a9ccd135d5ff		3	desktop	gtm.load			en-US	66.249.88.66	1024x768	1506727361	-18000000	1506727360	Mozilla/5.0 (Windows NT 6.1; Trident/7.0; rv:11.0) like Gecko	c72d808a-196d-1aa5-cc96-926dc75ba5fd	
68a75926033f70179b19a9ccd135d5ff		3	desktop	gtm.dom			en-US	66.102.6.146	1024x768	1506818464	-14400000	1506818463	Mozilla/5.0 (Windows NT 10.0; WOW64; Trident/7.0; rv:11.0) like Gecko	675d876d-c1f1-8a7b-9097-13abfeee4529	
68a75926033f70179b19a9ccd135d5ff		3	desktop	gtm.load			en-US	66.102.6.144	1024x768	1506818464	-14400000	1506818463	Mozilla/5.0 (Windows NT 10.0; WOW64; Trident/7.0; rv:11.0) like Gecko	675d876d-c1f1-8a7b-9097-13abfeee4529	
68a75926033f70179b19a9ccd135d5ff		3	desktop	gtm.js			en-US	66.102.6.144	1024x768	1506818464	-14400000	1506818463	Mozilla/5.0 (Windows NT 10.0; WOW64; Trident/7.0; rv:11.0) like Gecko	675d876d-c1f1-8a7b-9097-13abfeee4529	
68a75926033f70179b19a9ccd135d5ff		3	desktop	gtm.js			en-US	66.249.88.94	1024x768	1506908896	-14400000	1506908894	Mozilla/5.0 (Windows NT 6.1; WOW64; Trident/7.0; rv:11.0) like Gecko	890f4acc-9477-69af-78b9-49647266933c	
68a75926033f70179b19a9ccd135d5ff		3	desktop	gtm.dom			en-US	66.249.88.83	1024x768	1506908896	-14400000	1506908894	Mozilla/5.0 (Windows NT 6.1; WOW64; Trident/7.0; rv:11.0) like Gecko	890f4acc-9477-69af-78b9-49647266933c	
68a75926033f70179b19a9ccd135d5ff		3	desktop	gtm.load			en-US	66.249.88.94	1024x768	1506908896	-14400000	1506908894	Mozilla/5.0 (Windows NT 6.1; WOW64; Trident/7.0; rv:11.0) like Gecko	890f4acc-9477-69af-78b9-49647266933c	
68a75926033f70179b19a9ccd135d5ff	v4	3	desktop	launch			en-US	160.40.50.234	1920x1080	1506940722	10800000	1506940722	Mozilla/5.0 (Windows NT 6.1; Win64; x64) AppleWebKit/537.36 (KHTML, like Gecko) Chrome/61.0.3163.100 Safari/537.36	cd1f4b3c-471e-00d9-7818-aecf5c536bb0	
68a75926033f70179b19a9ccd135d5ff	v4	3	desktop	launch			en-US	95.209.153.235	1280x800	1507019672	7200000	1507019676	Mozilla/5.0 (Macintosh; Intel Mac OS X 10_12_6) AppleWebKit/603.3.8 (KHTML, like Gecko) Version/10.1.2 Safari/603.3.8	03e6a1a9-4d36-4bf7-4dae-ebdfdf3fab99	
68a75926033f70179b19a9ccd135d5ff		3	desktop	gtm.load			en-US	66.102.6.147	1024x768	1507005123	-18000000	1507005122	Mozilla/5.0 (Windows NT 6.1; WOW64; Trident/7.0; rv:11.0) like Gecko	1fcb3bb9-4d45-fa9d-3aad-e6dc73841389	
68a75926033f70179b19a9ccd135d5ff		3	desktop	gtm.dom			en-US	66.102.6.144	1024x768	1507005123	-18000000	1507005122	Mozilla/5.0 (Windows NT 6.1; WOW64; Trident/7.0; rv:11.0) like Gecko	1fcb3bb9-4d45-fa9d-3aad-e6dc73841389	
68a75926033f70179b19a9ccd135d5ff		3	desktop	gtm.js			en-US	66.102.6.146	1024x768	1507005123	-18000000	1507005122	Mozilla/5.0 (Windows NT 6.1; WOW64; Trident/7.0; rv:11.0) like Gecko	1fcb3bb9-4d45-fa9d-3aad-e6dc73841389	
68a75926033f70179b19a9ccd135d5ff	v4	3	desktop	select.molecule	--		en-US	160.40.48.160	1536x864	1507105100	10800000	1507105102	Mozilla/5.0 (Windows NT 10.0; Win64; x64) AppleWebKit/537.36 (KHTML, like Gecko) Chrome/61.0.3163.100 Safari/537.36	c6bf734a-50bb-ac46-7088-9fc22e802797	
68a75926033f70179b19a9ccd135d5ff	v4	3	desktop	drop	methane		en-US	160.40.48.160	1536x864	1507105109	10800000	1507105111	Mozilla/5.0 (Windows NT 10.0; Win64; x64) AppleWebKit/537.36 (KHTML, like Gecko) Chrome/61.0.3163.100 Safari/537.36	c6bf734a-50bb-ac46-7088-9fc22e802797	
68a75926033f70179b19a9ccd135d5ff	v4	3	desktop	check	methane	true	en-US	160.40.48.160	1536x864	1507105119	10800000	1507105121	Mozilla/5.0 (Windows NT 10.0; Win64; x64) AppleWebKit/537.36 (KHTML, like Gecko) Chrome/61.0.3163.100 Safari/537.36	c6bf734a-50bb-ac46-7088-9fc22e802797	
68a75926033f70179b19a9ccd135d5ff	v4	3	desktop	launch			en-US	160.40.48.160	1536x864	1507105097	10800000	1507105099	Mozilla/5.0 (Windows NT 10.0; Win64; x64) AppleWebKit/537.36 (KHTML, like Gecko) Chrome/61.0.3163.100 Safari/537.36	c6bf734a-50bb-ac46-7088-9fc22e802797	
68a75926033f70179b19a9ccd135d5ff	v4	3	desktop	start	stage_1		en-US	160.40.48.160	1536x864	1507105101	10800000	1507105103	Mozilla/5.0 (Windows NT 10.0; Win64; x64) AppleWebKit/537.36 (KHTML, like Gecko) Chrome/61.0.3163.100 Safari/537.36	c6bf734a-50bb-ac46-7088-9fc22e802797	
68a75926033f70179b19a9ccd135d5ff	v4	3	desktop	drop	methane		en-US	160.40.48.160	1536x864	1507105112	10800000	1507105113	Mozilla/5.0 (Windows NT 10.0; Win64; x64) AppleWebKit/537.36 (KHTML, like Gecko) Chrome/61.0.3163.100 Safari/537.36	c6bf734a-50bb-ac46-7088-9fc22e802797	
68a75926033f70179b19a9ccd135d5ff	v4	3	desktop	drop	methane		en-US	160.40.48.160	1536x864	1507105115	10800000	1507105117	Mozilla/5.0 (Windows NT 10.0; Win64; x64) AppleWebKit/537.36 (KHTML, like Gecko) Chrome/61.0.3163.100 Safari/537.36	c6bf734a-50bb-ac46-7088-9fc22e802797	
68a75926033f70179b19a9ccd135d5ff	v4	3	desktop	start	stage_3	true	en-US	160.40.48.160	1536x864	1507105119	10800000	1507105121	Mozilla/5.0 (Windows NT 10.0; Win64; x64) AppleWebKit/537.36 (KHTML, like Gecko) Chrome/61.0.3163.100 Safari/537.36	c6bf734a-50bb-ac46-7088-9fc22e802797	
68a75926033f70179b19a9ccd135d5ff		3	desktop	gtm.dom			en-US	66.102.8.194	1024x768	1507097143	-18000000	1507097142	Mozilla/5.0 (Windows NT 6.1; WOW64; Trident/7.0; rv:11.0) like Gecko	f608b627-ee3c-6f1e-564e-0c145cbc2893	
68a75926033f70179b19a9ccd135d5ff		3	desktop	gtm.js			en-US	66.102.8.222	1024x768	1507097143	-18000000	1507097142	Mozilla/5.0 (Windows NT 6.1; WOW64; Trident/7.0; rv:11.0) like Gecko	f608b627-ee3c-6f1e-564e-0c145cbc2893	
68a75926033f70179b19a9ccd135d5ff		3	desktop	gtm.load			en-US	66.102.8.211	1024x768	1507097143	-18000000	1507097142	Mozilla/5.0 (Windows NT 6.1; WOW64; Trident/7.0; rv:11.0) like Gecko	f608b627-ee3c-6f1e-564e-0c145cbc2893	
68a75926033f70179b19a9ccd135d5ff		3	desktop	gtm.dom			en-US	66.102.6.81	1024x768	1507186856	-14400000	1507186855	Mozilla/5.0 (Windows NT 10.0; WOW64; Trident/7.0; rv:11.0) like Gecko	a73aa5c1-93a0-8865-32ab-72dea2208970	
68a75926033f70179b19a9ccd135d5ff		3	desktop	gtm.js			en-US	66.102.6.82	1024x768	1507186856	-14400000	1507186855	Mozilla/5.0 (Windows NT 10.0; WOW64; Trident/7.0; rv:11.0) like Gecko	a73aa5c1-93a0-8865-32ab-72dea2208970	
68a75926033f70179b19a9ccd135d5ff		3	desktop	gtm.load			en-US	66.102.6.83	1024x768	1507186856	-14400000	1507186855	Mozilla/5.0 (Windows NT 10.0; WOW64; Trident/7.0; rv:11.0) like Gecko	a73aa5c1-93a0-8865-32ab-72dea2208970	
68a75926033f70179b19a9ccd135d5ff	v4	3	desktop	launch			el-GR	160.40.51.88	1920x1080	1507208401	10800000	1507208402	Mozilla/5.0 (Windows NT 10.0; Win64; x64; rv:56.0) Gecko/20100101 Firefox/56.0	dffa998e-8a58-4843-b5a8-c2cadd69b874	
68a75926033f70179b19a9ccd135d5ff		3	desktop	gtm.load			en-US	66.102.8.211	1024x768	1507283529	-18000000	1507283529	Mozilla/5.0 (Windows NT 6.1; Trident/7.0; rv:11.0) like Gecko	8734f501-6fb9-5b2b-36fc-3f4928b79d0a	
68a75926033f70179b19a9ccd135d5ff		3	desktop	gtm.js			en-US	66.102.8.194	1024x768	1507283529	-18000000	1507283529	Mozilla/5.0 (Windows NT 6.1; Trident/7.0; rv:11.0) like Gecko	8734f501-6fb9-5b2b-36fc-3f4928b79d0a	
68a75926033f70179b19a9ccd135d5ff		3	desktop	gtm.dom			en-US	66.102.8.207	1024x768	1507283529	-18000000	1507283529	Mozilla/5.0 (Windows NT 6.1; Trident/7.0; rv:11.0) like Gecko	8734f501-6fb9-5b2b-36fc-3f4928b79d0a	
68a75926033f70179b19a9ccd135d5ff		3	desktop	gtm.dom			en-US	66.102.6.182	1024x768	1507374434	-18000000	1507374433	Mozilla/5.0 (Windows NT 10.0; WOW64; Trident/7.0; rv:11.0) like Gecko	1bcad725-e061-9fab-9e2d-97872ed998c3	
68a75926033f70179b19a9ccd135d5ff		3	desktop	gtm.js			en-US	66.102.6.180	1024x768	1507374434	-18000000	1507374433	Mozilla/5.0 (Windows NT 10.0; WOW64; Trident/7.0; rv:11.0) like Gecko	1bcad725-e061-9fab-9e2d-97872ed998c3	
68a75926033f70179b19a9ccd135d5ff		3	desktop	gtm.load			en-US	66.102.6.182	1024x768	1507374434	-18000000	1507374433	Mozilla/5.0 (Windows NT 10.0; WOW64; Trident/7.0; rv:11.0) like Gecko	1bcad725-e061-9fab-9e2d-97872ed998c3	
68a75926033f70179b19a9ccd135d5ff		3	desktop	gtm.js			en-US	66.249.88.31	1024x768	1507362736	-18000000	1507362734	Mozilla/5.0 (Windows NT 10.0; WOW64; Trident/7.0; rv:11.0) like Gecko	73b3e252-3473-3302-6ff3-598e902c828e	
68a75926033f70179b19a9ccd135d5ff		3	desktop	gtm.dom			en-US	66.249.88.24	1024x768	1507362736	-18000000	1507362734	Mozilla/5.0 (Windows NT 10.0; WOW64; Trident/7.0; rv:11.0) like Gecko	73b3e252-3473-3302-6ff3-598e902c828e	
68a75926033f70179b19a9ccd135d5ff		3	desktop	gtm.load			en-US	66.249.88.29	1024x768	1507362736	-18000000	1507362734	Mozilla/5.0 (Windows NT 10.0; WOW64; Trident/7.0; rv:11.0) like Gecko	73b3e252-3473-3302-6ff3-598e902c828e	
68a75926033f70179b19a9ccd135d5ff		3	desktop	gtm.js			en-US	66.249.88.26	1024x768	1507467710	-18000000	1507467710	Mozilla/5.0 (Windows NT 10.0; WOW64; Trident/7.0; rv:11.0) like Gecko	a3afacf9-9d3f-a3f3-7650-9b99b230b762	
68a75926033f70179b19a9ccd135d5ff		3	desktop	gtm.load			en-US	66.249.88.31	1024x768	1507467710	-18000000	1507467710	Mozilla/5.0 (Windows NT 10.0; WOW64; Trident/7.0; rv:11.0) like Gecko	a3afacf9-9d3f-a3f3-7650-9b99b230b762	
68a75926033f70179b19a9ccd135d5ff		3	desktop	gtm.dom			en-US	66.249.88.27	1024x768	1507467710	-18000000	1507467710	Mozilla/5.0 (Windows NT 10.0; WOW64; Trident/7.0; rv:11.0) like Gecko	a3afacf9-9d3f-a3f3-7650-9b99b230b762	
68a75926033f70179b19a9ccd135d5ff		3	desktop	gtm.dom			en-US	66.102.6.188	1024x768	1507563224	-18000000	1507563223	Mozilla/5.0 (Windows NT 10.0; WOW64; Trident/7.0; rv:11.0) like Gecko	f97c5f55-6038-76fd-d8f3-e7973b2401dd	
68a75926033f70179b19a9ccd135d5ff		3	desktop	gtm.js			en-US	66.102.6.162	1024x768	1507563224	-18000000	1507563223	Mozilla/5.0 (Windows NT 10.0; WOW64; Trident/7.0; rv:11.0) like Gecko	f97c5f55-6038-76fd-d8f3-e7973b2401dd	
68a75926033f70179b19a9ccd135d5ff		3	desktop	gtm.load			en-US	66.102.6.190	1024x768	1507563224	-18000000	1507563223	Mozilla/5.0 (Windows NT 10.0; WOW64; Trident/7.0; rv:11.0) like Gecko	f97c5f55-6038-76fd-d8f3-e7973b2401dd	
68a75926033f70179b19a9ccd135d5ff		3	desktop	gtm.dom			en-US	66.102.8.222	1024x768	1507657567	-18000000	1507657566	Mozilla/5.0 (Windows NT 6.1; WOW64; Trident/7.0; rv:11.0) like Gecko	6e69d8ff-b4eb-63df-4500-96b388c22766	
68a75926033f70179b19a9ccd135d5ff		3	desktop	gtm.load			en-US	66.102.8.220	1024x768	1507657567	-18000000	1507657566	Mozilla/5.0 (Windows NT 6.1; WOW64; Trident/7.0; rv:11.0) like Gecko	6e69d8ff-b4eb-63df-4500-96b388c22766	
68a75926033f70179b19a9ccd135d5ff		3	desktop	gtm.js			en-US	66.102.8.207	1024x768	1507657567	-18000000	1507657566	Mozilla/5.0 (Windows NT 6.1; WOW64; Trident/7.0; rv:11.0) like Gecko	6e69d8ff-b4eb-63df-4500-96b388c22766	
68a75926033f70179b19a9ccd135d5ff	v4	3	desktop	launch			de	213.168.78.22	1920x1080	1507638724	7200000	1507638724	Mozilla/5.0 (Macintosh; Intel Mac OS X 10_11_6) AppleWebKit/537.36 (KHTML, like Gecko) Chrome/61.0.3163.100 Safari/537.36	dd116a4a-fcec-316c-9e55-f885210a3387	
68a75926033f70179b19a9ccd135d5ff	v4	3	desktop	drop	methanol		en-US	160.40.48.156	1536x864	1507725292	10800000	1507725293	Mozilla/5.0 (Windows NT 10.0; Win64; x64) AppleWebKit/537.36 (KHTML, like Gecko) Chrome/61.0.3163.100 Safari/537.36	c6bf734a-50bb-ac46-7088-9fc22e802797	1953526268.1505385386
68a75926033f70179b19a9ccd135d5ff	v4	3	desktop	check	methanol	true	en-US	160.40.48.156	1536x864	1507725305	10800000	1507725306	Mozilla/5.0 (Windows NT 10.0; Win64; x64) AppleWebKit/537.36 (KHTML, like Gecko) Chrome/61.0.3163.100 Safari/537.36	c6bf734a-50bb-ac46-7088-9fc22e802797	1953526268.1505385386
68a75926033f70179b19a9ccd135d5ff	v4	3	desktop	start	stage_3	true	en-US	160.40.48.156	1536x864	1507725305	10800000	1507725306	Mozilla/5.0 (Windows NT 10.0; Win64; x64) AppleWebKit/537.36 (KHTML, like Gecko) Chrome/61.0.3163.100 Safari/537.36	c6bf734a-50bb-ac46-7088-9fc22e802797	1953526268.1505385386
68a75926033f70179b19a9ccd135d5ff	v4	3	desktop	select.molecule	ethanol	true	en-US	160.40.48.156	1536x864	1507725313	10800000	1507725314	Mozilla/5.0 (Windows NT 10.0; Win64; x64) AppleWebKit/537.36 (KHTML, like Gecko) Chrome/61.0.3163.100 Safari/537.36	c6bf734a-50bb-ac46-7088-9fc22e802797	1953526268.1505385386
68a75926033f70179b19a9ccd135d5ff	v4	3	desktop	reset	ethanol	true	en-US	160.40.48.156	1536x864	1507725313	10800000	1507725314	Mozilla/5.0 (Windows NT 10.0; Win64; x64) AppleWebKit/537.36 (KHTML, like Gecko) Chrome/61.0.3163.100 Safari/537.36	c6bf734a-50bb-ac46-7088-9fc22e802797	1953526268.1505385386
68a75926033f70179b19a9ccd135d5ff	v4	3	desktop	start	stage_1	true	en-US	160.40.48.156	1536x864	1507725313	10800000	1507725314	Mozilla/5.0 (Windows NT 10.0; Win64; x64) AppleWebKit/537.36 (KHTML, like Gecko) Chrome/61.0.3163.100 Safari/537.36	c6bf734a-50bb-ac46-7088-9fc22e802797	1953526268.1505385386
68a75926033f70179b19a9ccd135d5ff	v4	3	desktop	launch			en-US	160.40.48.156	1536x864	1507725268	10800000	1507725268	Mozilla/5.0 (Windows NT 10.0; Win64; x64) AppleWebKit/537.36 (KHTML, like Gecko) Chrome/61.0.3163.100 Safari/537.36	c6bf734a-50bb-ac46-7088-9fc22e802797	
68a75926033f70179b19a9ccd135d5ff	v4	3	desktop	select.molecule	--		en-US	160.40.48.156	1536x864	1507725271	10800000	1507725272	Mozilla/5.0 (Windows NT 10.0; Win64; x64) AppleWebKit/537.36 (KHTML, like Gecko) Chrome/61.0.3163.100 Safari/537.36	c6bf734a-50bb-ac46-7088-9fc22e802797	1953526268.1505385386
68a75926033f70179b19a9ccd135d5ff	v4	3	desktop	start	stage_1		en-US	160.40.48.156	1536x864	1507725272	10800000	1507725273	Mozilla/5.0 (Windows NT 10.0; Win64; x64) AppleWebKit/537.36 (KHTML, like Gecko) Chrome/61.0.3163.100 Safari/537.36	c6bf734a-50bb-ac46-7088-9fc22e802797	1953526268.1505385386
68a75926033f70179b19a9ccd135d5ff	v4	3	desktop	drop	methanol		en-US	160.40.48.156	1536x864	1507725293	10800000	1507725294	Mozilla/5.0 (Windows NT 10.0; Win64; x64) AppleWebKit/537.36 (KHTML, like Gecko) Chrome/61.0.3163.100 Safari/537.36	c6bf734a-50bb-ac46-7088-9fc22e802797	1953526268.1505385386
68a75926033f70179b19a9ccd135d5ff	v4	3	desktop	drop	methanol		en-US	160.40.48.156	1536x864	1507725296	10800000	1507725297	Mozilla/5.0 (Windows NT 10.0; Win64; x64) AppleWebKit/537.36 (KHTML, like Gecko) Chrome/61.0.3163.100 Safari/537.36	c6bf734a-50bb-ac46-7088-9fc22e802797	1953526268.1505385386
68a75926033f70179b19a9ccd135d5ff	v4	3	desktop	drop	methanol		en-US	160.40.48.156	1536x864	1507725302	10800000	1507725303	Mozilla/5.0 (Windows NT 10.0; Win64; x64) AppleWebKit/537.36 (KHTML, like Gecko) Chrome/61.0.3163.100 Safari/537.36	c6bf734a-50bb-ac46-7088-9fc22e802797	1953526268.1505385386
68a75926033f70179b19a9ccd135d5ff	v4	3	desktop	launch			de	213.168.78.22	1280x800	1507704271	7200000	1507704271	Mozilla/5.0 (Macintosh; Intel Mac OS X 10_11_6) AppleWebKit/537.36 (KHTML, like Gecko) Chrome/61.0.3163.100 Safari/537.36	dd116a4a-fcec-316c-9e55-f885210a3387	
68a75926033f70179b19a9ccd135d5ff	v4	3	desktop	drop	butane		de	213.168.78.22	1280x800	1507709879	7200000	1507709880	Mozilla/5.0 (Macintosh; Intel Mac OS X 10_11_6) AppleWebKit/537.36 (KHTML, like Gecko) Chrome/61.0.3163.100 Safari/537.36	dd116a4a-fcec-316c-9e55-f885210a3387	1802275213.1502803148
68a75926033f70179b19a9ccd135d5ff	v4	3	desktop	drop	butane		de	213.168.78.22	1280x800	1507709880	7200000	1507709881	Mozilla/5.0 (Macintosh; Intel Mac OS X 10_11_6) AppleWebKit/537.36 (KHTML, like Gecko) Chrome/61.0.3163.100 Safari/537.36	dd116a4a-fcec-316c-9e55-f885210a3387	1802275213.1502803148
68a75926033f70179b19a9ccd135d5ff	v4	3	desktop	reset	methylpropanal		de	213.168.78.22	1280x800	1507709883	7200000	1507709884	Mozilla/5.0 (Macintosh; Intel Mac OS X 10_11_6) AppleWebKit/537.36 (KHTML, like Gecko) Chrome/61.0.3163.100 Safari/537.36	dd116a4a-fcec-316c-9e55-f885210a3387	1802275213.1502803148
68a75926033f70179b19a9ccd135d5ff	v4	3	desktop	start	stage_1		de	213.168.78.22	1280x800	1507709886	7200000	1507709886	Mozilla/5.0 (Macintosh; Intel Mac OS X 10_11_6) AppleWebKit/537.36 (KHTML, like Gecko) Chrome/61.0.3163.100 Safari/537.36	dd116a4a-fcec-316c-9e55-f885210a3387	1802275213.1502803148
68a75926033f70179b19a9ccd135d5ff	v4	3	desktop	launch			de	213.168.78.22	1280x800	1507715803	7200000	1507715803	Mozilla/5.0 (Macintosh; Intel Mac OS X 10_11_6) AppleWebKit/537.36 (KHTML, like Gecko) Chrome/61.0.3163.100 Safari/537.36	dd116a4a-fcec-316c-9e55-f885210a3387	
68a75926033f70179b19a9ccd135d5ff	v4	3	desktop	select.molecule	--		de	213.168.78.22	1280x800	1507715807	7200000	1507715807	Mozilla/5.0 (Macintosh; Intel Mac OS X 10_11_6) AppleWebKit/537.36 (KHTML, like Gecko) Chrome/61.0.3163.100 Safari/537.36	dd116a4a-fcec-316c-9e55-f885210a3387	1802275213.1502803148
68a75926033f70179b19a9ccd135d5ff	v4	3	desktop	drop	ethanoic acid		de	213.168.78.22	1280x800	1507715820	7200000	1507715821	Mozilla/5.0 (Macintosh; Intel Mac OS X 10_11_6) AppleWebKit/537.36 (KHTML, like Gecko) Chrome/61.0.3163.100 Safari/537.36	dd116a4a-fcec-316c-9e55-f885210a3387	1802275213.1502803148
68a75926033f70179b19a9ccd135d5ff	v4	3	desktop	select.molecule	--		de	213.168.78.22	1280x800	1507709876	7200000	1507709876	Mozilla/5.0 (Macintosh; Intel Mac OS X 10_11_6) AppleWebKit/537.36 (KHTML, like Gecko) Chrome/61.0.3163.100 Safari/537.36	dd116a4a-fcec-316c-9e55-f885210a3387	1802275213.1502803148
68a75926033f70179b19a9ccd135d5ff	v4	3	desktop	start	stage_1		de	213.168.78.22	1280x800	1507709876	7200000	1507709877	Mozilla/5.0 (Macintosh; Intel Mac OS X 10_11_6) AppleWebKit/537.36 (KHTML, like Gecko) Chrome/61.0.3163.100 Safari/537.36	dd116a4a-fcec-316c-9e55-f885210a3387	1802275213.1502803148
68a75926033f70179b19a9ccd135d5ff	v4	3	desktop	drop	butane		de	213.168.78.22	1280x800	1507709881	7200000	1507709882	Mozilla/5.0 (Macintosh; Intel Mac OS X 10_11_6) AppleWebKit/537.36 (KHTML, like Gecko) Chrome/61.0.3163.100 Safari/537.36	dd116a4a-fcec-316c-9e55-f885210a3387	1802275213.1502803148
68a75926033f70179b19a9ccd135d5ff	v4	3	desktop	select.molecule	methylpropanal		de	213.168.78.22	1280x800	1507709883	7200000	1507709884	Mozilla/5.0 (Macintosh; Intel Mac OS X 10_11_6) AppleWebKit/537.36 (KHTML, like Gecko) Chrome/61.0.3163.100 Safari/537.36	dd116a4a-fcec-316c-9e55-f885210a3387	1802275213.1502803148
68a75926033f70179b19a9ccd135d5ff	v4	3	desktop	start	stage_1		de	213.168.78.22	1280x800	1507709883	7200000	1507709884	Mozilla/5.0 (Macintosh; Intel Mac OS X 10_11_6) AppleWebKit/537.36 (KHTML, like Gecko) Chrome/61.0.3163.100 Safari/537.36	dd116a4a-fcec-316c-9e55-f885210a3387	1802275213.1502803148
68a75926033f70179b19a9ccd135d5ff	v4	3	desktop	reset	methylpropanal		de	213.168.78.22	1280x800	1507709886	7200000	1507709886	Mozilla/5.0 (Macintosh; Intel Mac OS X 10_11_6) AppleWebKit/537.36 (KHTML, like Gecko) Chrome/61.0.3163.100 Safari/537.36	dd116a4a-fcec-316c-9e55-f885210a3387	1802275213.1502803148
68a75926033f70179b19a9ccd135d5ff	v4	3	desktop	start	stage_1		de	213.168.78.22	1280x800	1507715807	7200000	1507715808	Mozilla/5.0 (Macintosh; Intel Mac OS X 10_11_6) AppleWebKit/537.36 (KHTML, like Gecko) Chrome/61.0.3163.100 Safari/537.36	dd116a4a-fcec-316c-9e55-f885210a3387	1802275213.1502803148
68a75926033f70179b19a9ccd135d5ff	v4	3	desktop	drop	ethanoic acid		de	213.168.78.22	1280x800	1507715823	7200000	1507715823	Mozilla/5.0 (Macintosh; Intel Mac OS X 10_11_6) AppleWebKit/537.36 (KHTML, like Gecko) Chrome/61.0.3163.100 Safari/537.36	dd116a4a-fcec-316c-9e55-f885210a3387	1802275213.1502803148
68a75926033f70179b19a9ccd135d5ff	v4	3	desktop	drop	ethanoic acid		de	213.168.78.22	1280x800	1507715823	7200000	1507715824	Mozilla/5.0 (Macintosh; Intel Mac OS X 10_11_6) AppleWebKit/537.36 (KHTML, like Gecko) Chrome/61.0.3163.100 Safari/537.36	dd116a4a-fcec-316c-9e55-f885210a3387	1802275213.1502803148
