"_id",addTurbine,changedPower,changedSimSpeed,changedWind,correctPower,powerStats.correct,powerStats.medianTimeOnTask,powerStats.over,powerStats.under,repairedTurbine,turbineOnOff,userId
5a00fcaa3a1babbf737c200f,false,false,false,false,,,,,,false,false,1136413853.1483138740
5a00fcaa3a1babbf737c2010,false,false,false,false,,,,,,false,false,1502460761.1483381881
5a00fcaa3a1babbf737c2011,false,false,false,false,,,,,,false,false,1018258710.1484143172
5a00fcaa3a1babbf737c2012,true,false,false,false,,,,,,false,false,1315518581.1484141667
5a00fcaa3a1babbf737c2013,false,false,false,false,,,,,,false,false,1333641917.1484138557
5a00fcaa3a1babbf737c2014,true,false,false,false,,,,,,false,false,1726714213.1484143309
5a00fcaa3a1babbf737c2015,true,false,false,false,,,,,,false,false,1815103822.1465797081
5a00fcaa3a1babbf737c2016,false,false,false,false,,,,,,false,false,310542530.1473592786
5a00fcaa3a1babbf737c2017,false,false,false,false,,,,,,false,false,367348722.1484141715
5a00fcaa3a1babbf737c2018,true,false,false,false,,,,,,false,false,467552098.1484144500
5a00fcaa3a1babbf737c2019,false,false,false,false,,,,,,false,false,588220086.1484142300
5a00fcaa3a1babbf737c201a,true,false,false,false,,,,,,false,false,981906019.1484142500
5a00fcaa3a1babbf737c201b,false,false,false,false,,,,,,false,false,1499245900.1482624000
5a00fcaa3a1babbf737c201c,true,false,false,false,,,,,,false,false,1502598412.1484334602
5a00fcaa3a1babbf737c201d,false,false,false,false,,,,,,false,false,1911454640.1481136850
5a00fcaa3a1babbf737c201e,true,false,false,false,,,,,,false,false,417643969.1424247462
5a00fcaa3a1babbf737c201f,false,false,false,false,,,,,,false,false,805723453.1484405572
5a00fcaa3a1babbf737c2020,false,false,false,false,,,,,,false,false,1761506108.1484506957
5a00fcaa3a1babbf737c2021,false,false,false,false,,,,,,false,false,1888619492.1484576890
5a00fcaa3a1babbf737c2022,false,false,false,false,,,,,,false,false,1627152026.1484676428
5a00fcaa3a1babbf737c2023,false,false,false,false,,,,,,false,false,2103280591.1483950487
5a00fcaa3a1babbf737c2024,true,false,false,false,,,,,,false,false,2139110781.1472803131
5a00fcaa3a1babbf737c2025,true,false,false,false,,,,,,false,false,260081678.1484763904
5a00fcaa3a1babbf737c2026,true,false,false,false,,,,,,false,false,622376622.1476176405
5a00fcaa3a1babbf737c2027,true,false,false,false,,,,,,false,false,652902932.1484718195
5a00fcaa3a1babbf737c2028,true,false,false,false,,,,,,false,false,538997118.1484817116
5a00fcaa3a1babbf737c2029,true,false,false,false,,,,,,false,false,1266957680.1481169135
5a00fcaa3a1babbf737c202a,true,false,false,false,,,,,,false,false,1242174926.1485010487
5a00fcaa3a1babbf737c202b,false,false,false,false,,,,,,false,false,721919283.1485085233
5a00fcaa3a1babbf737c202c,false,false,false,false,,,,,,false,false,1200659761.1482136324
5a00fcaa3a1babbf737c202d,false,false,false,false,,,,,,false,false,1241421098.1485166502
5a00fcaa3a1babbf737c202e,false,false,false,false,,,,,,false,false,1474054703.1485198026
5a00fcaa3a1babbf737c202f,true,false,false,false,,,,,,false,false,1936080288.1485137177
5a00fcaa3a1babbf737c2030,true,false,false,false,,,,,,false,false,535184339.1485166223
5a00fcaa3a1babbf737c2031,false,false,false,false,,,,,,false,false,882063407.1485166068
5a00fcaa3a1babbf737c2032,false,false,false,false,,,,,,false,false,948570286.1485166459
5a00fcaa3a1babbf737c2033,true,false,false,false,,,,,,false,false,964820680.1485166182
5a00fcaa3a1babbf737c2034,false,false,false,false,,,,,,false,false,1074766383.1485257885
5a00fcaa3a1babbf737c2035,false,false,false,false,,,,,,false,false,1174635560.1485238795
5a00fcaa3a1babbf737c2036,false,false,false,false,,,,,,false,false,145692931.1485242101
5a00fcaa3a1babbf737c2037,false,false,false,false,,,,,,false,false,1752633260.1485260960
5a00fcaa3a1babbf737c2038,false,false,false,false,,,,,,false,false,2090414607.1485261005
5a00fcaa3a1babbf737c2039,false,false,false,false,,,,,,false,false,27796083.1485257971
5a00fcaa3a1babbf737c203a,false,false,false,false,,,,,,false,false,371213360.1485257788
5a00fcaa3a1babbf737c203b,false,false,false,false,,,,,,false,false,473333108.1485251369
5a00fcaa3a1babbf737c203c,false,false,false,false,,,,,,false,false,605054503.1485258148
5a00fcaa3a1babbf737c203d,false,false,false,false,,,,,,false,false,723746370.1485238964
5a00fcaa3a1babbf737c203e,false,false,false,false,,,,,,false,false,1109565229.1485347657
5a00fcaa3a1babbf737c203f,false,false,false,false,,,,,,false,false,1858023774.1485347967
5a00fcaa3a1babbf737c2040,false,false,false,false,,,,,,false,false,1472689395.1485434196
5a00fcaa3a1babbf737c2041,false,false,false,false,,,,,,false,false,1738468132.1485427636
5a00fcaa3a1babbf737c2042,true,false,false,false,,,,,,false,false,287916116.1485517047
5a00fcaa3a1babbf737c2043,false,false,false,false,,,,,,false,false,362494050.1485517062
5a00fcaa3a1babbf737c2044,false,false,false,false,,,,,,false,false,1499245900.1485216000
5a00fcaa3a1babbf737c2045,true,false,false,false,,,,,,false,false,1121804171.1485517197
5a00fcaa3a1babbf737c2046,false,false,false,false,,,,,,false,false,656288570.1484826300
5a00fcaa3a1babbf737c2047,false,false,false,false,,,,,,false,false,1473454456.1485216000
5a00fcaa3a1babbf737c2048,false,false,false,false,,,,,,false,false,394779057.1486104878
5a00fcaa3a1babbf737c2049,true,false,false,false,,,,,,false,false,471193548.1486371501
5a00fcaa3a1babbf737c204a,true,false,false,false,,,,,,false,false,1523318114.1486661404
5a00fcaa3a1babbf737c204b,false,false,false,false,,,,,,false,false,1778541616.1486633931
5a00fcaa3a1babbf737c204c,false,false,false,false,,,,,,false,false,2096846276.1486730586
5a00fcaa3a1babbf737c204d,false,false,false,false,,,,,,false,false,940682356.1487025551
5a00fcaa3a1babbf737c204e,false,false,false,false,,,,,,false,false,1468679869.1487074997
5a00fcaa3a1babbf737c204f,true,false,false,false,,,,,,false,false,1943712803.1487111578
5a00fcaa3a1babbf737c2050,true,false,false,false,,,,,,false,false,1115512518.1487431112
5a00fcaa3a1babbf737c2051,true,false,false,false,,,,,,false,false,370710244.1487692554
5a00fcaa3a1babbf737c2052,true,false,false,false,,,,,,false,false,18902582.1487794093
5a00fcaa3a1babbf737c2053,false,false,false,false,,,,,,false,false,1499245900.1487721600
5a00fcaa3a1babbf737c2054,false,false,false,false,,,,,,false,false,168123322.1487873158
5a00fcaa3a1babbf737c2055,true,false,false,false,,,,,,false,false,493479254.1487861066
5a00fcaa3a1babbf737c2056,true,false,false,false,,,,,,false,false,1371047533.1488224492
5a00fcaa3a1babbf737c2057,true,false,false,false,,,,,,false,false,1916745181.1488310997
5a00fcaa3a1babbf737c2058,false,false,false,false,,,,,,false,false,2035809347.1488284543
5a00fcaa3a1babbf737c2059,false,false,false,false,,,,,,false,false,333521575.1487249492
5a00fcaa3a1babbf737c205a,false,false,false,false,,,,,,false,false,486747472.1488284636
5a00fcaa3a1babbf737c205b,false,false,false,false,,,,,,false,false,766948555.1488322789
5a00fcaa3a1babbf737c205c,false,false,false,false,,,,,,false,false,1045458352.1488358418
5a00fcaa3a1babbf737c205d,false,false,false,false,,,,,,false,false,1139293643.1488380193
5a00fcaa3a1babbf737c205e,false,false,false,false,,,,,,false,false,1426898976.1488358907
5a00fcaa3a1babbf737c205f,false,false,false,false,,,,,,false,false,165290890.1488351620
5a00fcaa3a1babbf737c2060,false,false,false,false,,,,,,false,false,2037341545.1488376898
5a00fcaa3a1babbf737c2061,true,false,false,false,,,,,,false,false,2083876598.1488354523
5a00fcaa3a1babbf737c2062,false,false,false,false,,,,,,false,false,265156922.1488373604
5a00fcaa3a1babbf737c2063,true,false,false,false,,,,,,false,false,294846751.1488375731
5a00fcaa3a1babbf737c2064,false,false,false,false,,,,,,false,false,394779057.1488393758
5a00fcaa3a1babbf737c2065,true,false,false,false,,,,,,false,false,51680778.1488356242
5a00fcaa3a1babbf737c2066,false,false,false,false,,,,,,false,false,818838928.1488399039
5a00fcaa3a1babbf737c2067,true,false,false,false,,,,,,false,false,870852119.1488357230
5a00fcaa3a1babbf737c2068,true,false,false,false,,,,,,false,false,982076830.1488381317
5a00fcaa3a1babbf737c2069,false,false,false,false,,,,,,false,false,655149388.1488460704
5a00fcaa3a1babbf737c206a,true,false,false,false,,,,,,false,false,797896018.1488464764
5a00fcaa3a1babbf737c206b,true,false,false,false,,,,,,false,false,1175202886.1488528703
5a00fcaa3a1babbf737c206c,true,false,false,false,,,,,,false,false,1151099816.1488824985
5a00fcaa3a1babbf737c206d,false,false,false,false,,,,,,false,false,122391215.1488911939
5a00fcaa3a1babbf737c206e,true,false,false,false,,,,,,false,false,311659493.1488914308
5a00fcaa3a1babbf737c206f,false,false,false,false,,,,,,false,false,365515328.1488912737
5a00fcaa3a1babbf737c2070,true,false,false,false,,,,,,false,false,1843566253.1488290532
5a00fcaa3a1babbf737c2071,false,false,false,false,,,,,,false,false,2112202974.1489161706
5a00fcaa3a1babbf737c2072,false,false,false,false,,,,,,false,false,706107145.1489331642
5a00fcaa3a1babbf737c2073,false,false,false,false,,,,,,false,false,1478248998.1489426778
5a00fcaa3a1babbf737c2074,true,false,false,false,,,,,,false,false,800725198.1489418881
5a00fcaa3a1babbf737c2075,false,false,false,false,,,,,,false,false,125488296.1489685046
5a00fcaa3a1babbf737c2076,true,false,false,false,,,,,,false,false,1929273842.1489665626
5a00fcaa3a1babbf737c2077,false,false,false,false,,,,,,false,false,353847404.1489670938
5a00fcaa3a1babbf737c2078,false,false,false,false,,,,,,false,false,394779057.1489668235
5a00fcaa3a1babbf737c2079,true,false,false,false,,,,,,false,false,86853342.1489665522
5a00fcaa3a1babbf737c207a,false,false,false,false,,,,,,false,false,963208447.1489775055
5a00fcaa3a1babbf737c207b,false,false,false,false,,,,,,false,false,1830885111.1490029457
5a00fcaa3a1babbf737c207c,true,false,false,false,,,,,,false,false,1934372172.1490024596
5a00fcaa3a1babbf737c207d,true,false,false,false,,,,,,false,false,2030734630.1478982713
5a00fcaa3a1babbf737c207e,false,false,false,false,,,,,,false,false,1473454456.1487808000
5a00fcaa3a1babbf737c207f,true,false,false,false,,,,,,false,false,1481896242.1490163574
5a00fcaa3a1babbf737c2080,false,false,false,false,,,,,,false,false,412598884.1490205170
5a00fcaa3a1babbf737c2081,false,false,false,false,,,,,,false,false,1300435094.1490264341
5a00fcaa3a1babbf737c2082,false,false,false,false,,,,,,false,false,1766055166.1487327981
5a00fcaa3a1babbf737c2083,true,false,false,false,,,,,,false,false,1993334953.1490291647
5a00fcaa3a1babbf737c2084,true,false,false,false,,,,,,false,false,567986300.1490470148
5a00fcaa3a1babbf737c2085,false,false,false,false,,,,,,false,false,436391673.1487873792
5a00fcaa3a1babbf737c2086,false,false,false,false,,,,,,false,false,1212533741.1490596307
5a00fcaa3a1babbf737c2087,true,false,false,false,,,,,,false,false,311335216.1490619487
5a00fcaa3a1babbf737c2088,true,false,false,false,,,,,,false,false,1495798328.1490721904
5a00fcaa3a1babbf737c2089,false,false,false,false,,,,,,false,false,164842831.1490785547
5a00fcaa3a1babbf737c208a,false,false,false,false,,,,,,false,false,418127848.1490885277
5a00fcaa3a1babbf737c208b,false,false,false,false,,,,,,false,false,788748342.1490873785
5a00fcaa3a1babbf737c208c,true,false,false,false,,,,,,false,false,128919211.1491326409
5a00fcaa3a1babbf737c208d,false,false,false,false,,,,,,false,false,688833315.1491331096
5a00fcaa3a1babbf737c208e,false,false,false,false,,,,,,false,false,1418520468.1492003170
5a00fcaa3a1babbf737c208f,true,false,false,false,,,,,,false,false,1432991670.1491992686
5a00fcaa3a1babbf737c2090,false,false,false,false,,,,,,false,false,1720600879.1492034074
5a00fcaa3a1babbf737c2091,false,false,false,false,,,,,,false,false,1499245900.1490400000
5a00fcaa3a1babbf737c2092,false,false,false,false,,,,,,false,false,394779057.1492225157
5a00fcaa3a1babbf737c2093,false,false,false,false,,,,,,false,false,429653023.1492375087
5a00fcaa3a1babbf737c2094,true,false,false,false,,,,,,false,false,1860978899.1492518874
5a00fcaa3a1babbf737c2095,true,false,false,false,,,,,,false,false,1736330610.1492606415
5a00fcaa3a1babbf737c2096,true,false,false,false,,,,,,false,false,600865076.1489651132
5a00fcaa3a1babbf737c2097,false,false,false,false,,,,,,false,false,1576468636.1492692620
5a00fcaa3a1babbf737c2098,true,false,false,false,,,,,,false,false,2104917858.1492682340
5a00fcaa3a1babbf737c2099,true,false,false,false,,,,,,false,false,939191274.1492679742
5a00fcaa3a1babbf737c209a,false,false,false,false,,,,,,false,false,1499245900.1492992000
5a00fcaa3a1babbf737c209b,false,false,false,false,,,,,,false,false,645008777.1493199747
5a00fcaa3a1babbf737c209c,true,false,false,false,,,,,,false,false,2032032034.1493302074
5a00fcaa3a1babbf737c209d,false,false,false,false,,,,,,false,false,1050072792.1444634000
5a00fcaa3a1babbf737c209e,false,false,false,false,,,,,,false,false,1898962596.1468484524
5a00fcaa3a1babbf737c209f,false,false,false,false,,,,,,false,false,199155436.1493462963
5a00fcaa3a1babbf737c20a0,false,false,false,false,,,,,,false,false,1539345865.1493583254
5a00fcaa3a1babbf737c20a1,false,false,false,false,,,,,,false,false,394779057.1493586163
5a00fcaa3a1babbf737c20a2,false,false,false,false,,,,,,false,false,883347285.1493632055
5a00fcaa3a1babbf737c20a3,true,false,false,false,,,,,,false,false,1010843215.1493813821
5a00fcaa3a1babbf737c20a4,true,false,false,false,,,,,,false,false,1055526434.1493813423
5a00fcaa3a1babbf737c20a5,false,false,false,false,,,,,,false,false,1185467221.1493827591
5a00fcaa3a1babbf737c20a6,true,false,false,false,,,,,,false,false,1187904088.1493813392
5a00fcaa3a1babbf737c20a7,false,false,false,false,,,,,,false,false,1322773457.1493824687
5a00fcaa3a1babbf737c20a8,true,false,false,false,,,,,,false,false,1373420474.1493813448
5a00fcaa3a1babbf737c20a9,false,false,false,false,,,,,,false,false,1570147586.1493813415
5a00fcaa3a1babbf737c20aa,true,false,false,false,,,,,,false,false,1648578197.1493813356
5a00fcaa3a1babbf737c20ab,true,false,false,false,,,,,,false,false,1651464921.1493824836
5a00fcaa3a1babbf737c20ac,false,false,false,false,,,,,,false,false,1700538130.1493813472
5a00fcaa3a1babbf737c20ad,true,false,false,false,,,,,,false,false,1797417514.1493813418
5a00fcaa3a1babbf737c20ae,false,false,false,false,,,,,,false,false,1812435523.1493815020
5a00fcaa3a1babbf737c20af,true,false,false,false,,,,,,false,false,1857076354.1493811562
5a00fcaa3a1babbf737c20b0,false,false,false,false,,,,,,false,false,2035584545.1493829742
5a00fcaa3a1babbf737c20b1,false,false,false,false,,,,,,false,false,280191096.1493813456
5a00fcaa3a1babbf737c20b2,false,false,false,false,,,,,,false,false,431795465.1493825593
5a00fcaa3a1babbf737c20b3,true,false,false,false,,,,,,false,false,443662198.1493813442
5a00fcaa3a1babbf737c20b4,false,false,false,false,,,,,,false,false,525450005.1493824683
5a00fcaa3a1babbf737c20b5,true,false,false,false,,,,,,false,false,544247378.1493813472
5a00fcaa3a1babbf737c20b6,true,false,false,false,,,,,,false,false,628689887.1493813746
5a00fcaa3a1babbf737c20b7,false,false,false,false,,,,,,false,false,721182863.1493813444
5a00fcaa3a1babbf737c20b8,true,false,false,false,,,,,,false,false,787151326.1493813474
5a00fcaa3a1babbf737c20b9,false,false,false,false,,,,,,false,false,983060875.1493825591
5a00fcaa3a1babbf737c20ba,false,false,false,false,,,,,,false,false,1737903293.1493911322
5a00fcaa3a1babbf737c20bb,false,false,false,false,,,,,,false,false,781384885.1493880005
5a00fcaa3a1babbf737c20bc,false,false,false,false,,,,,,false,false,1086418176.1491378585
5a00fcaa3a1babbf737c20bd,true,false,false,false,,,,,,false,false,2129153646.1494099510
5a00fcaa3a1babbf737c20be,false,false,false,false,,,,,,false,false,947458262.1494319116
5a00fcaa3a1babbf737c20bf,true,false,false,false,,,,,,false,false,1486301273.1494407430
5a00fcaa3a1babbf737c20c0,true,false,false,false,,,,,,false,false,433504826.1494429373
5a00fcaa3a1babbf737c20c1,false,false,false,false,,,,,,false,false,4466796.1494435149
5a00fcaa3a1babbf737c20c2,false,false,false,false,,,,,,false,false,1150234775.1494492333
5a00fcaa3a1babbf737c20c3,true,false,false,false,,,,,,false,false,1228770129.1494608128
5a00fcaa3a1babbf737c20c4,true,false,false,false,,,,,,false,false,1631639682.1494843919
5a00fcaa3a1babbf737c20c5,true,false,false,false,,,,,,false,false,301634721.1494843981
5a00fcaa3a1babbf737c20c6,true,true,true,true,false,,,,,false,true,89ea6356-e71c-44cf-8640-0dc3a463500a
5a00fcaa3a1babbf737c20c7,false,false,false,false,,,,,,false,false,1037296474.1495037466
5a00fcaa3a1babbf737c20c8,false,false,false,false,,,,,,false,false,1473454456.1492992000
5a00fcaa3a1babbf737c20c9,false,false,false,false,,,,,,false,false,1730114459.1495014618
5a00fcaa3a1babbf737c20ca,false,true,true,true,false,,,,,false,false,26622883-6422-462f-91e3-caef979b4a85
5a00fcaa3a1babbf737c20cb,true,true,true,true,false,,,,,false,false,56070254-a3e6-42a6-ad94-7812f8be643f
5a00fcaa3a1babbf737c20cc,true,true,true,true,false,,,,,false,false,e84139e3-f792-495b-a8c8-1048b1ebe55a
5a00fcaa3a1babbf737c20cd,false,false,false,false,,,,,,false,false,330181656.1495208467
5a00fcaa3a1babbf737c20ce,false,false,false,false,,,,,,false,false,516031693.1495447236
5a00fcaa3a1babbf737c20cf,true,false,false,false,,,,,,false,false,1693050209.1495612813
5a00fcaa3a1babbf737c20d0,false,false,false,false,,,,,,false,false,1631915737.1495739798
5a00fcaa3a1babbf737c20d1,false,false,false,false,,,,,,false,false,1120344435.1495789888
5a00fcaa3a1babbf737c20d2,true,false,false,false,,,,,,false,false,428838445.1493132845
5a00fcaa3a1babbf737c20d3,true,true,true,true,false,,,,,false,false,7354e666-8d8a-4be3-8c4b-36de1797cc77
5a00fcaa3a1babbf737c20d4,false,false,false,false,,,,,,false,false,1473454456.1495584000
5a00fcaa3a1babbf737c20d5,false,false,false,false,,,,,,false,false,2108762447.1495958108
5a00fcaa3a1babbf737c20d6,false,false,false,false,,,,,,false,false,1879669760.1496054788
5a00fcaa3a1babbf737c20d7,true,false,false,false,,,,,,false,false,1898366086.1496069330
5a00fcaa3a1babbf737c20d8,true,true,true,true,false,,,,,false,false,282cd8b3-27a6-4b1a-a7d4-e4a4a7840ac3
5a00fcaa3a1babbf737c20d9,true,true,true,true,false,,,,,false,false,2cb5a46b-5d39-4c71-947f-5ef9a8f9975c
5a00fcaa3a1babbf737c20da,false,false,false,false,,,,,,false,false,729325056.1496054282
5a00fcaa3a1babbf737c20db,false,true,true,true,false,,,,,false,false,f173bdbc-3e59-4242-83f1-ddb3100c501a
5a00fcaa3a1babbf737c20dc,true,true,true,true,false,,,,,false,false,2a38740a-f036-47c9-9a87-071929d93e8f
5a00fcaa3a1babbf737c20dd,false,false,false,false,,,,,,false,false,434757250.1496103424
5a00fcaa3a1babbf737c20de,true,false,false,false,,,,,,false,false,1343061321.1496222504
5a00fcaa3a1babbf737c20df,true,false,false,false,,,,,,false,false,1432335858.1496222557
5a00fcaa3a1babbf737c20e0,true,false,false,false,,,,,,false,false,1041722927.1496294654
5a00fcaa3a1babbf737c20e1,false,false,false,false,,,,,,false,false,1130643931.1496296144
5a00fcaa3a1babbf737c20e2,true,false,false,false,,,,,,false,false,144118306.1496294499
5a00fcaa3a1babbf737c20e3,false,false,false,false,,,,,,false,false,1661455835.1496343147
5a00fcaa3a1babbf737c20e4,true,false,false,false,,,,,,false,false,1738034301.1496342166
5a00fcaa3a1babbf737c20e5,false,false,false,false,,,,,,false,false,246587562.1496302134
5a00fcaa3a1babbf737c20e6,true,false,false,false,,,,,,false,false,658343713.1496298681
5a00fcaa3a1babbf737c20e7,true,false,false,false,,,,,,false,false,829963763.1496298199
5a00fcaa3a1babbf737c20e8,false,false,false,false,,,,,,false,false,405325655.1496398501
5a00fcaa3a1babbf737c20e9,true,false,false,false,,,,,,false,false,311141789.1496659586
5a00fcaa3a1babbf737c20ea,true,false,false,false,,,,,,false,false,1793378755.1496945441
5a00fcaa3a1babbf737c20eb,false,false,false,false,,,,,,false,false,1367827252.1497028134
5a00fcaa3a1babbf737c20ec,true,false,false,false,,,,,,false,false,1374127710.1497021989
5a00fcaa3a1babbf737c20ed,false,false,false,false,,,,,,false,false,1863982031.1497028824
5a00fcaa3a1babbf737c20ee,false,false,false,false,,,,,,false,false,1992311403.1497000868
5a00fcaa3a1babbf737c20ef,false,false,false,false,,,,,,false,false,2055849021.1497015069
5a00fcaa3a1babbf737c20f0,true,false,false,false,,,,,,false,false,268939330.1497023161
5a00fcaa3a1babbf737c20f1,false,false,false,false,,,,,,false,false,365638500.1497016149
5a00fcaa3a1babbf737c20f2,false,false,false,false,,,,,,false,false,218873736.1497116293
5a00fcaa3a1babbf737c20f3,true,false,false,false,,,,,,false,false,1458971112.1497282322
5a00fcaa3a1babbf737c20f4,true,false,false,false,,,,,,false,false,2118907718.1497282080
5a00fcaa3a1babbf737c20f5,true,false,false,false,,,,,,false,false,1452277031.1497364054
5a00fcaa3a1babbf737c20f6,true,false,false,false,,,,,,false,false,1849971171.1497362224
5a00fcaa3a1babbf737c20f7,true,false,false,false,,,,,,false,false,727338926.1497364393
5a00fcaa3a1babbf737c20f8,true,true,true,true,false,0,16.0,0,1.0,false,true,0f98c8d9-e66f-4406-82d4-bb2a3c06baa1
5a00fcaa3a1babbf737c20f9,false,false,false,false,,,,,,false,false,1805936987.1497455051
5a00fcaa3a1babbf737c20fa,false,false,false,false,,,,,,false,false,434757250.1497478039
5a00fcaa3a1babbf737c20fb,false,false,false,false,,,,,,false,false,446328204.1497414662
5a00fcaa3a1babbf737c20fc,true,false,false,false,,,,,,false,false,621908237.1497467921
5a00fcaa3a1babbf737c20fd,false,true,true,true,false,0,32.0,0,1.0,false,false,asdasdasd
5a00fcaa3a1babbf737c20fe,true,true,true,true,false,0,7.0,0,1.0,false,false,c923c7ee-bba0-4295-b3c8-00f303f17cde
5a00fcaa3a1babbf737c20ff,false,false,false,true,false,0,5.0,0,1.0,false,false,fc8c5605-f212-4873-9041-a7627601fa6c
5a00fcaa3a1babbf737c2100,false,false,false,false,,,,,,false,false,33113079.1497624407
5a00fcaa3a1babbf737c2101,true,false,false,false,,,,,,false,false,613226583.1497605022
5a00fcaa3a1babbf737c2102,false,false,false,false,,,,,,false,false,1499245900.1495584000
5a00fcaa3a1babbf737c2103,false,false,false,false,,,,,,false,false,11739783.1497773732
5a00fcaa3a1babbf737c2104,true,false,false,false,,,,,,false,false,1434011899.1497863669
5a00fcaa3a1babbf737c2105,false,false,false,false,,,,,,false,false,1544387845.1498030960
5a00fcaa3a1babbf737c2106,true,false,false,false,,,,,,false,false,454600045.1498028512
5a00fcaa3a1babbf737c2107,false,false,false,false,,,,,,false,false,2055080726.1498405895
5a00fcaa3a1babbf737c2108,true,false,false,false,,,,,,false,false,647879605.1498397335
5a00fcaa3a1babbf737c2109,false,false,false,false,,,,,,false,false,1edb7974-b739-466c-b1f7-5e1cf0e75703
5a00fcaa3a1babbf737c210a,false,true,true,true,false,0,39.0,0,1.0,false,false,2c290b88-9bcf-50ca-bd4e-b3ec9f8040d4
5a00fcaa3a1babbf737c210b,false,true,true,true,false,0,11.0,0,1.0,false,false,341a621c-7251-de3b-4265-0c751c600384
5a00fcaa3a1babbf737c210c,false,false,false,false,,,,,,false,false,36ecf51e-2168-4520-8708-8428ff04eada
5a00fcaa3a1babbf737c210d,false,false,false,false,,,,,,false,false,3dd31e60-fdad-4512-846c-c8bc6928866f
5a00fcaa3a1babbf737c210e,true,true,true,true,true,0.16153846153846155,14.0,0,0.8384615384615385,false,false,6cdfab4b-ec1f-a3cc-ca1e-b700e2cd34ed
5a00fcaa3a1babbf737c210f,false,false,false,false,,,,,,false,false,a2f76093-e228-4750-8a3e-b8275f479541
5a00fcaa3a1babbf737c2110,false,false,false,false,,,,,,false,false,e41aa015-edf1-430d-8f8f-5e35b58a7074
5a00fcaa3a1babbf737c2111,false,false,false,false,,,,,,false,false,0a69155e-7c6e-4d1b-92cd-310c7d7f20b8
5a00fcaa3a1babbf737c2112,false,false,false,false,,,,,,false,false,39b84f55-022a-444b-a63a-f35273f96069
5a00fcaa3a1babbf737c2113,false,true,true,true,false,0,10.0,0,1.0,false,false,40260db6-32f8-d08e-63ac-e1dc298b3be8
5a00fcaa3a1babbf737c2114,false,false,false,false,,,,,,false,false,646fba4b-4b2c-4aa6-82ae-a08dadd1e2c9
5a00fcaa3a1babbf737c2115,true,false,false,false,,,,,,false,false,729499006.1498676126
5a00fcaa3a1babbf737c2116,false,true,true,true,false,0,9,0,1.0,false,false,93b4ebc1-063e-56ce-1748-3f665e26627c
5a00fcaa3a1babbf737c2117,false,false,false,false,,,,,,false,false,9523de1c-ff0b-42f2-9187-df206b31a0d4
5a00fcaa3a1babbf737c2118,false,false,false,false,,,,,,false,false,9658ea95-599c-4528-b593-c2e07043269f
5a00fcaa3a1babbf737c2119,true,true,true,true,true,0.0038797284190106693,10.0,0.05625606207565471,0.9398642095053347,true,true,ace6bee2-fad9-ad8e-658d-a5f03c167ce8
5a00fcaa3a1babbf737c211a,false,false,false,false,,,,,,false,false,bb7b6914-1f56-431b-9c88-0e506a827747
5a00fcaa3a1babbf737c211b,true,true,true,true,true,0.0473186119873817,15.0,0.3280757097791798,0.6246056782334385,false,true,bc92bdd5-b49c-fd7a-bd06-3fae80a50b0f
5a00fcaa3a1babbf737c211c,false,false,false,false,,,,,,false,false,c0031bc8-29aa-43e1-b881-6260341d86d3
5a00fcaa3a1babbf737c211d,false,false,false,false,,,,,,false,false,c5f81005-7803-485f-9bf6-35903c8d07e4
5a00fcaa3a1babbf737c211e,true,true,true,true,true,0.00009262481896058113,11.0,0.00001543746982676352,0.9998919377112127,false,true,c7493842-a7f6-a8cc-1af0-6d681c6196d7
5a00fcaa3a1babbf737c211f,true,true,true,true,true,0.6144144144144145,10.0,0.01756756756756757,0.36801801801801803,true,true,c990a46a-04a0-644e-04e8-49faf3418c28
5a00fcaa3a1babbf737c2120,true,true,true,true,false,0,15.0,0.3023255813953488,0.6976744186046512,false,true,d154ea85-303d-2ec2-c1de-d1a4a7f7aa56
5a00fcaa3a1babbf737c2121,false,false,false,false,,,,,,false,false,434757250.1498734767
5a00fcaa3a1babbf737c2122,false,false,false,false,,,,,,false,false,587842601.1498817534
5a00fcaa3a1babbf737c2123,false,false,false,false,,,,,,false,false,1498176000.1498176000
5a00fcaa3a1babbf737c2124,false,false,false,false,,,,,,false,false,1674713600.1498895687
5a00fcaa3a1babbf737c2125,false,false,false,false,,,,,,false,false,1771033345.1498129927
5a00fcaa3a1babbf737c2126,false,false,false,false,,,,,,false,false,1976451861.1499078500
5a00fcaa3a1babbf737c2127,false,false,false,false,,,,,,false,false,153791459.1499152003
5a00fcaa3a1babbf737c2128,false,false,false,false,,,,,,false,false,1652743812.1499169747
5a00fcaa3a1babbf737c2129,false,false,false,false,,,,,,false,false,2143785219.1499169806
5a00fcaa3a1babbf737c212a,true,true,true,true,true,0.000020166224019790904,4.0,0.00033833281542011885,0.99964150096056,true,true,31e3b01f-5ac0-d552-eb84-7d6fc018320d
5a00fcaa3a1babbf737c212b,false,false,false,false,,,,,,false,false,320005152.1499169104
5a00fcaa3a1babbf737c212c,false,false,false,false,,,,,,false,false,3341e1c2-421f-4124-b889-968d76fa6fab
5a00fcaa3a1babbf737c212d,false,false,false,false,,,,,,false,false,5a935f09-e715-4e0f-842b-b60952293257
5a00fcaa3a1babbf737c212e,true,false,false,false,,,,,,false,false,617748564.1499154247
5a00fcaa3a1babbf737c212f,false,false,false,false,,,,,,false,false,ef9e31dc-d0fe-4b17-8669-abcdef934e5e
5a00fcaa3a1babbf737c2130,false,false,false,false,,,,,,false,false,10642629-5e72-4db7-8a04-653e1d7ad549
5a00fcaa3a1babbf737c2131,false,false,false,false,,,,,,false,false,1b76fa57-77cb-4f51-8233-3c8877ae899e
5a00fcaa3a1babbf737c2132,false,false,false,false,,,,,,false,false,3e8c3a37-a367-490e-ac1f-edd338d4d71c
5a00fcaa3a1babbf737c2133,true,true,true,true,true,0.2830188679245283,10.5,0.08086253369272237,0.6361185983827493,false,true,59e8d99a-348f-afc9-d52c-091eac2cd9f3
5a00fcaa3a1babbf737c2134,true,true,true,true,true,0.17592592592592593,5.0,0.046296296296296294,0.7777777777777778,false,false,92e3f24d-7a4d-97a0-d2ec-376101ec33f7
5a00fcaa3a1babbf737c2135,false,false,false,false,,,,,,false,false,9d58828d-1ff9-4a26-bc9c-86a7acb8c099
5a00fcaa3a1babbf737c2136,false,false,false,false,,,,,,false,false,a1eaaa5d-d3b2-4203-b1c9-c2bb382d0b7f
5a00fcaa3a1babbf737c2137,false,false,false,false,,,,,,false,false,b5cf0c76-0a89-4929-b788-c02744e96d36
5a00fcaa3a1babbf737c2138,false,false,false,false,,,,,,false,false,b826ac30-92e0-4582-a6f8-8ab22aac20b7
5a00fcaa3a1babbf737c2139,false,false,false,false,,,,,,false,false,00a8ec4b-6cb2-4879-86f2-2fb975ab550e
5a00fcaa3a1babbf737c213a,false,false,false,false,,,,,,false,false,080e6729-c9fc-4ccc-9d99-b2065287a8b7
5a00fcaa3a1babbf737c213b,false,false,false,false,,,,,,false,false,11a60845-b4b0-4f2f-be4e-ebc7aa9e23f8
5a00fcaa3a1babbf737c213c,true,true,true,true,true,0.4823529411764706,4.0,0,0.5176470588235295,false,false,17c20a33-7a5e-96bf-6283-e7da0f87aed7
5a00fcaa3a1babbf737c213d,false,false,false,false,,,,,,false,false,1d9d30da-0f0b-4027-af47-e0962fd75058
5a00fcaa3a1babbf737c213e,false,false,false,false,,,,,,false,false,1f1b7f85-cd61-4b64-a14f-b8021d854b21
5a00fcaa3a1babbf737c213f,false,false,false,false,,,,,,false,false,1f780201-e8e7-41d1-80e4-46503c55e9eb
5a00fcaa3a1babbf737c2140,true,true,true,true,true,0.05103402268178786,8.0,0.3322214809873249,0.6167444963308872,true,true,20e2c0fd-d657-fa21-fc87-15d9d82864e2
5a00fcaa3a1babbf737c2141,false,false,false,false,,,,,,false,false,234820318.1499323367
5a00fcaa3a1babbf737c2142,false,false,false,false,,,,,,false,false,23daacb2-4622-4f61-a74c-3e365b0c50a0
5a00fcaa3a1babbf737c2143,true,true,true,true,true,0.23523763802208353,8.0,0.14114258281325012,0.6236197791646664,true,true,2438b782-312b-b078-a37f-0de667fbc220
5a00fcaa3a1babbf737c2144,true,true,true,true,true,0.1569544164301219,15.0,0.1307396894306228,0.7123058941392553,true,true,2b94c6e2-8f8b-58f3-446f-c68533b2eedd
5a00fcaa3a1babbf737c2145,false,false,false,false,,,,,,false,false,3588d078-3a2d-4fa0-aaf3-5546840b1325
5a00fcaa3a1babbf737c2146,false,false,false,false,,,,,,false,false,40dcc20f-44b0-4774-a57a-d45da6b60973
5a00fcaa3a1babbf737c2147,false,false,false,false,,,,,,false,false,417466d5-a71d-4690-8df8-b4f322bf6975
5a00fcaa3a1babbf737c2148,true,true,true,true,true,0.013603532801916096,8.0,0.004228883649564013,0.9821675835485199,true,true,424e7c50-c0f8-d75c-13d3-3a6e1d5b269b
5a00fcaa3a1babbf737c2149,false,false,false,false,,,,,,false,false,50545178-7811-4923-aebb-b0c78a966c41
5a00fcaa3a1babbf737c214a,false,false,false,false,,,,,,false,false,516105d7-0f3a-4f0f-87b6-535593e9150d
5a00fcaa3a1babbf737c214b,false,false,false,false,,,,,,false,false,56db784b-685a-4d88-b6b7-dbb80fd3e2f3
5a00fcaa3a1babbf737c214c,true,false,false,false,,,,,,false,false,594707067.1499351431
5a00fcaa3a1babbf737c214d,false,false,false,false,,,,,,false,false,78758e4d-5fc1-4e2a-93a5-b8f5d4bd4938
5a00fcaa3a1babbf737c214e,true,true,true,true,true,0.1835837303041407,10.5,0.14913887871015025,0.667277390985709,true,true,7920b315-7f72-9bfd-b7dc-c8c1b1396f64
5a00fcaa3a1babbf737c214f,true,true,true,true,false,0,10.5,0.38235294117647056,0.6176470588235294,false,false,7a3b9677-1393-ad77-4ab5-ad6a9cd718aa
5a00fcaa3a1babbf737c2150,true,true,true,true,false,0,11.0,0.42468800197701717,0.5753119980229828,true,true,808e0977-b639-27fd-83e3-ce7dde07d45b
5a00fcaa3a1babbf737c2151,true,true,true,true,false,0,17.0,0,1.0,false,false,875c882e-00f6-a1b0-1fd6-87421279fad7
5a00fcaa3a1babbf737c2152,true,true,true,true,true,0.016780341270036688,7.0,0.002240661857040849,0.9809789968729224,true,true,8a73a284-f7dd-a74e-f440-6c9b00cc525f
5a00fcaa3a1babbf737c2153,false,false,false,false,,,,,,false,false,a0c862ca-258d-4b3e-98b7-8994adab01b6
5a00fcaa3a1babbf737c2154,false,false,false,false,,,,,,false,false,a2252137-5639-44aa-81d1-8859e069dfb5
5a00fcaa3a1babbf737c2155,true,true,true,true,true,0.1412639405204461,8.0,0.17472118959107807,0.6840148698884758,true,true,a37a8b2a-12c3-8b54-5d92-dc0c09400b76
5a00fcaa3a1babbf737c2156,false,false,false,false,,,,,,false,false,a61d42a8-ec16-409f-9d7a-94b764d587af
5a00fcaa3a1babbf737c2157,false,false,false,false,,,,,,false,false,a6541f2b-b22b-4594-97dd-6c3b70c20b17
5a00fcaa3a1babbf737c2158,false,false,false,false,,,,,,false,false,b339a2b1-c196-4db9-8f96-1eae6b351023
5a00fcaa3a1babbf737c2159,true,true,true,true,false,0,8.0,0,1.0,false,false,bbbb67d7-5857-ccfa-81ef-a39669e69022
5a00fcaa3a1babbf737c215a,false,false,false,false,,,,,,false,false,bcbdc2f0-cedb-4ce9-920d-6dfda5c51f0f
5a00fcaa3a1babbf737c215b,false,false,false,false,,,,,,false,false,d0eafbbb-5468-4e91-b8f1-6f788768086b
5a00fcaa3a1babbf737c215c,false,false,false,false,,,,,,false,false,dbcbf5fe-db8c-45fd-8afd-588c27db60a7
5a00fcaa3a1babbf737c215d,true,true,true,true,true,0.11843534951104673,10.0,0.1629844259326331,0.7185802245563202,true,true,df65266d-96c5-12ce-b9aa-bcb2a0b3a7ca
5a00fcaa3a1babbf737c215e,false,false,false,false,,,,,,false,false,f25f5e43-8e02-416b-8a61-690c5c64e66a
5a00fcaa3a1babbf737c215f,false,false,false,false,,,,,,false,false,f712531e-c505-4d53-916c-ccbc371fdc69
5a00fcaa3a1babbf737c2160,false,false,false,false,,,,,,false,false,fc639e63-aa5b-4145-bdf2-5396bccd71cd
5a00fcaa3a1babbf737c2161,true,true,true,true,true,0.2312820512820513,11.0,0.10666666666666667,0.662051282051282,true,true,fc9f9411-55a3-97eb-1265-f1ac5149b628
5a00fcaa3a1babbf737c2162,false,false,false,false,,,,,,false,false,07863689-7661-4a25-b2c5-7afde0b69b29
5a00fcaa3a1babbf737c2163,false,false,false,false,,,,,,false,false,1236973282.1499428912
5a00fcaa3a1babbf737c2164,false,false,false,false,,,,,,false,false,5a7e7b56-f2d1-48b0-99a4-b58123d69a13
5a00fcaa3a1babbf737c2165,false,false,false,false,,,,,,false,false,81120e35-75e0-4297-bd9b-1a7eb287ee98
5a00fcaa3a1babbf737c2166,true,true,true,true,true,0.12367491166077739,3.0,0.1353356890459364,0.7409893992932862,true,true,9faeb282-3275-0a12-03e1-7f7802735ccf
5a00fcaa3a1babbf737c2167,true,true,true,true,true,0.30788804071246817,8.0,0.11195928753180662,0.5801526717557252,true,true,a10148d5-3813-eac9-52c2-2ab8801cb5ec
5a00fcaa3a1babbf737c2168,false,false,false,false,,,,,,false,false,432636508.1499522365
5a00fcaa3a1babbf737c2169,true,false,false,false,,,,,,false,false,837058000.1499597817
5a00fcaa3a1babbf737c216a,false,false,false,false,,,,,,false,false,58743a7f-de7a-44bd-b1e9-ec821c0714de
5a00fcaa3a1babbf737c216b,true,true,true,true,true,0.13117206982543642,8.0,0.11920199501246882,0.7496259351620947,true,false,cc6d6652-2395-2355-c0ac-b6b340625893
5a00fcaa3a1babbf737c216c,false,false,false,false,,,,,,false,false,3d83c5ca-04e8-41c7-b45b-d7dd882ac800
5a00fcaa3a1babbf737c216d,false,false,false,false,,,,,,false,false,1751821827.1499939857
5a00fcaa3a1babbf737c216e,false,false,false,false,,,,,,false,false,9fd4bce4-8446-46c7-9609-9f23264a1c50
5a00fcaa3a1babbf737c216f,false,false,false,false,,,,,,false,false,1781303182.1500019279
5a00fcaa3a1babbf737c2170,false,false,false,false,,,,,,false,false,434757250.1500029209
5a00fcaa3a1babbf737c2171,true,false,false,false,,,,,,false,false,1644418099.1500166950
5a00fcaa3a1babbf737c2172,false,false,false,false,,,,,,false,false,1061633374.1500387299
5a00fcaa3a1babbf737c2173,true,false,false,false,,,,,,false,false,558247322.1500407975
5a00fcaa3a1babbf737c2174,false,false,false,false,,,,,,false,false,110054509.1500496697
5a00fcaa3a1babbf737c2175,true,false,false,false,,,,,,false,false,160158435.1500451184
5a00fcaa3a1babbf737c2176,false,false,false,false,,,,,,false,false,1947959954.1500495845
5a00fcaa3a1babbf737c2177,false,false,false,false,,,,,,false,false,0524d990-1ab7-4533-b8c0-5a9ae09d5dde
5a00fcaa3a1babbf737c2178,true,false,false,false,,,,,,false,false,1834480930.1500549318
5a00fcaa3a1babbf737c2179,true,true,true,true,true,0.2508574228319451,7.0,0.13326800587947085,0.615874571288584,true,true,54c78b01-c78a-5960-08c5-100a7d68cb31
5a00fcaa3a1babbf737c217a,false,false,false,false,,,,,,false,false,bc2ebc51-4eaa-45ed-b285-cd1626a04cff
5a00fcaa3a1babbf737c217b,false,false,false,false,,,,,,false,false,1940726897.1500897309
5a00fcaa3a1babbf737c217c,false,false,false,false,,,,,,false,false,610028654.1500884374
5a00fcaa3a1babbf737c217d,true,true,true,true,true,0.35374149659863946,7.0,0.16326530612244897,0.48299319727891155,false,true,968f4405-4643-efbc-2a6a-45002ce665b0
5a00fcaa3a1babbf737c217e,false,false,false,false,,,,,,false,false,ca5e95c3-d10f-4003-8db6-c11683f1e837
5a00fcaa3a1babbf737c217f,true,true,true,true,true,0.03503035964502569,7.0,0.17188229799159271,0.7930873423633816,true,true,401420be-e4d7-7e41-32aa-c653abd481a3
5a00fcaa3a1babbf737c2180,false,false,false,false,,,,,,false,false,610667e0-0286-491c-9e63-027a21d70be6
5a00fcaa3a1babbf737c2181,false,false,false,false,,,,,,false,false,434757250.1501328665
5a00fcaa3a1babbf737c2182,true,false,false,false,,,,,,false,false,1002443960.1501583446
5a00fcaa3a1babbf737c2183,false,false,false,false,,,,,,false,false,460946659.1491552501
5a00fcaa3a1babbf737c2184,false,false,false,false,,,,,,false,false,1604797005.1501763994
5a00fcaa3a1babbf737c2185,false,false,false,false,,,,,,false,false,1499245900.1500768000
5a00fcaa3a1babbf737c2186,false,false,false,false,,,,,,false,false,972443326.1501946464
5a00fcaa3a1babbf737c2187,false,false,false,false,,,,,,false,false,241843518.1502091070
5a00fcaa3a1babbf737c2188,true,true,true,true,true,0.22317596566523606,6.5,0,0.776824034334764,false,false,59568801-56d7-2c68-cc37-f32dd7f3de58
5a00fcaa3a1babbf737c2189,false,false,false,false,,,,,,false,false,7b0d216c-96a0-4683-85cc-137a6e47bf6b
5a00fcaa3a1babbf737c218a,false,false,false,false,,,,,,false,false,1760052276.1502450179
5a00fcaa3a1babbf737c218b,false,false,false,false,,,,,,false,false,1615165340.1502621381
5a00fcaa3a1babbf737c218c,false,false,false,false,,,,,,false,false,434757250.1502622791
5a00fcaa3a1babbf737c218d,true,false,false,false,,,,,,false,false,1765839854.1502801857
5a00fcaa3a1babbf737c218e,false,false,false,false,,,,,,false,false,284940780.1502856136
5a00fcaa3a1babbf737c218f,false,false,false,false,,,,,,false,false,1473454456.1500768000
5a00fcaa3a1babbf737c2190,true,false,false,false,,,,,,false,false,833049448.1502989044
5a00fcaa3a1babbf737c2191,false,false,false,false,,,,,,false,false,2057292239.1503076692
5a00fcaa3a1babbf737c2192,false,false,false,false,,,,,,false,false,321134623.1503261992
5a00fcaa3a1babbf737c2193,false,false,false,false,,,,,,false,false,280028409.1503573562
5a00fcaa3a1babbf737c2194,false,false,false,false,,,,,,false,false,926660214.1503803405
5a00fcaa3a1babbf737c2195,false,false,false,false,,,,,,false,false,1031571181.1503913281
5a00fcaa3a1babbf737c2196,false,false,false,false,,,,,,false,false,434757250.1503925223
5a00fcaa3a1babbf737c2197,false,false,false,false,,,,,,false,false,08ee373d-e20d-4684-930d-a5dbcdea45ae
5a00fcaa3a1babbf737c2198,false,false,false,false,,,,,,false,false,2130981637.1503994259
5a00fcaa3a1babbf737c2199,true,false,false,false,,,,,,false,false,217673488.1489997120
5a00fcaa3a1babbf737c219a,false,false,false,false,,,,,,false,false,269928665.1504001570
5a00fcaa3a1babbf737c219b,false,true,true,true,false,0,11.0,0,1.0,false,false,a53f9566-e6e1-d6a0-5d17-383f71c10cf7
5a00fcaa3a1babbf737c219c,false,false,false,false,,,,,,false,false,da410b03-e75b-4abf-be96-27ce60a2809a
5a00fcaa3a1babbf737c219d,false,false,false,false,,,,,,false,false,10b14344-b300-4af4-a64d-87bb5c3c1260
5a00fcaa3a1babbf737c219e,false,false,false,false,,,,,,false,false,1173411027.1504100373
5a00fcaa3a1babbf737c219f,true,true,true,true,true,0.11584028082492322,8.0,0.22465993856954805,0.6594997806055287,true,true,393473a0-a836-51f8-1678-3361e457a85c
5a00fcaa3a1babbf737c21a0,true,false,false,false,,,,,,false,false,cdb10a7f-71db-dae5-0542-37eb4aad4461
5a00fcaa3a1babbf737c21a1,false,false,false,false,,,,,,false,false,08e33e54-12e8-a6ce-d0d4-a5bb41b2310b
5a00fcaa3a1babbf737c21a2,false,false,false,false,,,,,,false,false,f956a8cb-a1f5-276e-a3c1-62d6dff9134f
5a00fcaa3a1babbf737c21a3,false,false,false,false,,,,,,false,false,67ef1d01-ef5b-c756-8d80-2986a6056835
5a00fcaa3a1babbf737c21a4,false,false,false,false,,,,,,false,false,a76d6cae-a3c0-fecf-c296-7b2371914ecc
5a00fcaa3a1babbf737c21a5,false,false,false,false,,,,,,false,false,29166112-d38a-8d66-47ee-e9e5f71b1655
5a00fcaa3a1babbf737c21a6,false,false,false,false,,,,,,false,false,5ac18d7c-30ce-45f4-af34-17902b6eac00
5a00fcaa3a1babbf737c21a7,false,false,false,false,,,,,,false,false,a9ce54c2-1181-a121-f7b2-78ae58e3c681
5a00fcaa3a1babbf737c21a8,false,false,false,false,,,,,,false,false,feaa63f9-927c-dddf-6634-ec009f77debe
5a00fcaa3a1babbf737c21a9,false,false,false,false,,,,,,false,false,6786024a-74a2-9a23-6d94-00edfb53a984
5a00fcaa3a1babbf737c21aa,false,false,false,false,,,,,,false,false,95b1bf58-6132-8491-f627-8f6440e51795
5a00fcaa3a1babbf737c21ab,false,false,false,false,,,,,,false,false,acbfcd88-7fdc-a1f6-7c2e-aec1275d6407
5a00fcaa3a1babbf737c21ac,false,false,false,false,,,,,,false,false,da01b7e0-f16d-ace8-50a3-5b9a0a65bb8b
5a00fcaa3a1babbf737c21ad,false,false,false,false,,,,,,false,false,1de18ebb-e336-abe0-5866-db657eed8499
5a00fcaa3a1babbf737c21ae,false,false,false,false,,,,,,false,false,3e6121b5-1871-42d5-a12d-0ae266dee855
5a00fcaa3a1babbf737c21af,false,false,false,false,,,,,,false,false,d560bb78-0b2e-0ac5-f1ec-6b1cba46625f
5a00fcaa3a1babbf737c21b0,false,false,false,false,,,,,,false,false,f7ce26d0-3b7c-8cfe-2bae-b7967ccf021a
5a00fcaa3a1babbf737c21b1,false,false,false,false,,,,,,false,false,21f5a76e-06e8-6dd5-a626-1f3b7bd26c1c
5a00fcaa3a1babbf737c21b2,false,false,false,false,,,,,,false,false,1e497a7d-c125-93c2-34e7-10873d09ec81
5a00fcaa3a1babbf737c21b3,false,false,false,false,,,,,,false,false,99a8c3fe-e164-b782-feca-ad596387853b
5a00fcaa3a1babbf737c21b4,true,false,false,false,,,,,,false,false,b9a0e36e-d1fe-97a5-fe4a-df261a837147
5a00fcaa3a1babbf737c21b5,false,false,false,false,,,,,,false,false,1f1dc22e-a679-7717-9953-1b35dbc9371c
5a00fcaa3a1babbf737c21b6,false,false,false,false,,,,,,false,false,24abb6da-21e9-d12f-95f9-575e1b150b7a
5a00fcaa3a1babbf737c21b7,false,false,false,false,,,,,,false,false,352d2085-5db2-4b86-856c-b2674265af49
5a00fcaa3a1babbf737c21b8,false,false,false,false,,,,,,false,false,594c0f8a-7423-4d91-8944-c216a4630870
5a00fcaa3a1babbf737c21b9,false,false,false,false,,,,,,false,false,8c61195c-069f-141f-db51-6ab70a351ce9
5a00fcaa3a1babbf737c21ba,false,false,false,false,,,,,,false,false,1499245900.1503360000
5a00fcaa3a1babbf737c21bb,false,false,false,false,,,,,,false,false,6485a760-46e7-cf4e-7b05-732e339cf4b8
5a00fcaa3a1babbf737c21bc,true,false,false,false,,,,,,false,false,9480532d-faba-1608-9f9f-7a86ac048c84
5a00fcaa3a1babbf737c21bd,false,false,false,false,,,,,,false,false,ac21caf0-bd63-09d8-d8c2-5040fa2c306c
5a00fcaa3a1babbf737c21be,false,false,false,false,,,,,,false,false,5185e9f5-364e-4860-a8aa-05406daacabe
5a00fcaa3a1babbf737c21bf,false,false,false,false,,,,,,false,false,e1327ef2-9258-879e-46ad-6484dc7ee3fe
5a00fcaa3a1babbf737c21c0,false,false,false,false,,,,,,false,false,1013ee90-27f7-452f-bdb2-905c238bfe90
5a00fcaa3a1babbf737c21c1,false,false,false,false,,,,,,false,false,14081adf-fd2d-1943-6479-92eaf61bb752
5a00fcaa3a1babbf737c21c2,false,false,false,false,,,,,,false,false,150164f0-d1b6-4bf7-05db-f50bfc6452af
5a00fcaa3a1babbf737c21c3,false,false,false,false,,,,,,false,false,b036dba6-e2fc-d572-01f1-d8785a24f02f
5a00fcaa3a1babbf737c21c4,false,false,false,false,,,,,,false,false,b7ea0b72-9b79-b1d7-95f6-16d2d12f8632
5a00fcaa3a1babbf737c21c5,false,false,false,false,,,,,,false,false,b8370935-1810-7c59-2c9e-2306b231fed1
5a00fcaa3a1babbf737c21c6,false,false,false,false,,,,,,false,false,299eb9f7-2130-4bdc-a83f-ff42fb2e20c4
5a00fcaa3a1babbf737c21c7,true,true,true,true,true,0.10704225352112676,7.0,0.15492957746478872,0.7380281690140845,true,true,593c8778-cc7d-40cc-ae26-0293e53be96b
5a00fcaa3a1babbf737c21c8,false,false,false,false,,,,,,false,false,775afdc1-31b6-4caf-b4b8-af1f19a88a94
5a00fcaa3a1babbf737c21c9,false,false,false,false,,,,,,false,false,90bfbcd9-1282-d345-d60a-c51d9ba38cbf
5a00fcaa3a1babbf737c21ca,false,false,false,false,,,,,,false,false,b52f8e65-6bc0-44ba-bb54-639d25f371e7
5a00fcaa3a1babbf737c21cb,false,false,false,false,,,,,,false,false,099d08ae-37a5-c31d-5dc5-c71fb4998499
5a00fcaa3a1babbf737c21cc,false,false,false,false,,,,,,false,false,1473454456.1503360000
5a00fcaa3a1babbf737c21cd,false,false,false,false,,,,,,false,false,80c4d2ea-a114-4adc-a8a1-937936ed243b
5a00fcaa3a1babbf737c21ce,false,false,false,false,,,,,,false,false,ac3e22f0-813b-b3bf-0294-da611f26d373
5a00fcaa3a1babbf737c21cf,false,true,true,true,false,,,,,false,false,b58bb001-5a48-30c7-df19-af55ba4bb01c
5a00fcaa3a1babbf737c21d0,false,false,false,false,,,,,,false,false,e93f9ac1-d5a4-a5e7-019c-c748b3e2d462
5a00fcaa3a1babbf737c21d1,true,false,false,false,true,0.0361947469570788,5.5,0.008327994875080076,0.9554772581678411,true,true,38416ee3-eecd-6436-0b6c-c147c1543331
5a00fcaa3a1babbf737c21d2,false,false,false,false,,,,,,false,false,66c2e911-b9d0-494b-96eb-af4ccc5d5254
5a00fcaa3a1babbf737c21d3,false,false,false,false,,,,,,false,false,aa5fbe5a-7325-41aa-9882-33b948a4f7be
5a00fcaa3a1babbf737c21d4,false,false,false,false,,,,,,false,false,b22a090a-466a-8b71-02d0-671bb80d4f4a
5a00fcaa3a1babbf737c21d5,false,false,false,false,,,,,,false,false,320d241b-d7e6-4300-b56e-13714b281981
5a00fcaa3a1babbf737c21d6,false,false,false,false,,,,,,false,false,5e61b4ef-f20c-49ce-b836-1cd2d31e52d8
5a00fcaa3a1babbf737c21d7,true,true,true,true,false,0,4.0,0.21739130434782608,0.782608695652174,false,false,909f1409-3f80-efda-0701-10cedacfaebb
5a00fcaa3a1babbf737c21d8,false,false,false,false,,,,,,false,false,c6e434b1-9dcd-2ec7-d7e8-f7129fae284c
5a00fcaa3a1babbf737c21d9,true,true,true,true,true,0.015503875968992248,8.0,0.16279069767441862,0.8217054263565892,false,true,f5795e57-94cc-4412-a364-18c290881d13
5a00fcaa3a1babbf737c21da,false,false,false,false,,,,,,false,false,fca88cd6-1fe1-1590-e63a-424e9d0f4cec
5a00fcaa3a1babbf737c21db,false,false,false,false,,,,,,false,false,d74c4dbd-7fc5-d847-03e8-67c5111e16dc
5a00fcaa3a1babbf737c21dc,false,false,false,false,,,,,,false,false,5134845e-7e26-e807-c884-6c3f81c5511f
5a00fcaa3a1babbf737c21dd,false,false,false,false,,,,,,false,false,a95a5f1c-0d6b-caf0-3ba4-4e58cdaf37af
5a00fcaa3a1babbf737c21de,false,false,false,false,,,,,,false,false,da1a606c-b48d-6d63-7bb8-54b20a5bba19
5a00fcaa3a1babbf737c21df,false,false,false,false,,,,,,false,false,61357317-8ee8-deb3-54b9-33158ad8ffd4
5a00fcaa3a1babbf737c21e0,false,false,false,false,,,,,,false,false,92e91831-c3f5-bc06-55f1-85b7ca1f383a
5a00fcaa3a1babbf737c21e1,false,false,false,false,,,,,,false,false,a5a08e9b-69dd-433b-93dd-63b715238cb4
5a00fcaa3a1babbf737c21e2,false,false,false,false,,,,,,false,false,c8dbf442-1f49-87b6-6285-9609151b12aa
5a00fcaa3a1babbf737c21e3,false,false,false,false,,,,,,false,false,e7e56529-dc22-2477-de26-bde98e08fe63
5a00fcaa3a1babbf737c21e4,false,false,false,false,,,,,,false,false,6241e75d-6536-79c3-338b-0b3f5c9bfa6b
5a00fcaa3a1babbf737c21e5,false,false,false,false,,,,,,false,false,5ab00dbc-244b-c432-6ae1-0c0ef5d2ad09
5a00fcaa3a1babbf737c21e6,false,false,false,false,,,,,,false,false,5c172afb-a999-50f4-4d27-198786598373
5a00fcaa3a1babbf737c21e7,false,false,false,false,,,,,,false,false,e773b1f0-ff29-3e6e-34cf-aa1cf50deea0
5a00fcaa3a1babbf737c21e8,false,false,false,false,,,,,,false,false,17f50805-f301-fb5f-2ea6-ad5f7e65239e
5a00fcaa3a1babbf737c21e9,false,false,false,false,,,,,,false,false,27d89ec9-4eb3-45bc-98b1-2fccc06443ac
5a00fcaa3a1babbf737c21ea,false,false,false,false,,,,,,false,false,492d0dc0-57ba-454f-90b3-baba82e1b5e6
5a00fcaa3a1babbf737c21eb,false,false,false,false,,,,,,false,false,7ae8ff0c-b051-437c-abb1-152d8df2d98e
5a00fcaa3a1babbf737c21ec,false,false,false,false,,,,,,false,false,86534b8c-78d9-c74c-7ff6-4fa89be6a2b8
5a00fcaa3a1babbf737c21ed,false,false,false,false,,,,,,false,false,fbfdcfb4-3f49-4470-9908-d5bb09b7480b
5a00fcaa3a1babbf737c21ee,false,false,false,false,,,,,,false,false,21514d0e-4abf-4432-967e-ef87b7050257
5a00fcaa3a1babbf737c21ef,false,false,false,false,,,,,,false,false,3c7fc63f-a8f0-e67a-ec4a-e95220f780de
5a00fcaa3a1babbf737c21f0,false,false,false,false,,,,,,false,false,6723db8c-f021-4666-b811-d7ce51a25cd3
5a00fcaa3a1babbf737c21f1,false,false,false,false,,,,,,false,false,6f54880b-871a-4937-80b2-7c591668d203
5a00fcaa3a1babbf737c21f2,true,true,true,true,true,0.026252983293556086,7.0,0.31415651300087927,0.6595905037055646,true,true,d98c1dd4-008f-04b2-e980-0998ecf8427e
5a00fcaa3a1babbf737c21f3,false,false,false,false,,,,,,false,false,e223e22b-9e49-46a8-8c45-13cd7620f768
5a00fcaa3a1babbf737c21f4,false,false,false,false,,,,,,false,false,edd070d8-9f3c-451b-8b64-8161dfe912f4
5a00fcaa3a1babbf737c21f5,false,false,false,false,,,,,,false,false,08b66bd3-429d-41ad-a0b3-cb2b6111678d
5a00fcaa3a1babbf737c21f6,false,false,false,false,,,,,,false,false,1171590318.1504267567
5a00fcaa3a1babbf737c21f7,true,false,false,false,,,,,,false,false,1785950967.1507150465
5a00fcaa3a1babbf737c21f8,true,false,false,false,,,,,,false,false,2113421896.1507120715
5a00fcaa3a1babbf737c21f9,false,false,false,false,,,,,,false,false,2b25d71f-03d4-4051-a3a9-7bb9106fbe17
5a00fcaa3a1babbf737c21fa,true,true,true,true,false,0,4.0,0,1.0,false,true,3fea9988-1838-3fd1-1815-35bf94ce8760
5a00fcaa3a1babbf737c21fb,false,false,false,false,,,,,,false,false,5a5eea2b-9882-4a14-9dd6-b59322cb77d2
5a00fcaa3a1babbf737c21fc,false,false,false,false,,,,,,false,false,812821a6-e705-13ac-ef33-b2a995cfe39c
5a00fcaa3a1babbf737c21fd,false,false,false,false,,,,,,false,false,84e44606-aecc-dcca-ce72-47e19f6fb703
5a00fcaa3a1babbf737c21fe,false,false,false,false,,,,,,false,false,c29fb0bb-0b76-0954-6415-0e28052d2b67
5a00fcaa3a1babbf737c21ff,false,false,false,false,,,,,,false,false,undefined
5a00fcaa3a1babbf737c2200,false,false,false,false,,,,,,false,false,1add317f-f3e7-e431-d56e-fb305201cfc7
5a00fcaa3a1babbf737c2201,false,false,false,false,,,,,,false,false,cde11955-380f-73c2-81d3-f8bdd0a54736
5a00fcaa3a1babbf737c2202,false,false,false,false,,,,,,false,false,050cbe90-56fb-45fa-8d83-c00b2fef0a64
5a00fcaa3a1babbf737c2203,false,false,false,false,,,,,,false,false,c617a1d9-0aa4-12f0-1e14-af923c8ad582
5a00fcaa3a1babbf737c2204,false,false,false,false,,,,,,false,false,4971b5fd-025d-5719-3ff6-c2da6d8f6618
5a00fcaa3a1babbf737c2205,false,false,false,false,,,,,,false,false,aa52e413-9da9-817d-c117-590351a72b3a
5a00fcaa3a1babbf737c2206,false,false,false,false,,,,,,false,false,25c8e188-85d8-5de9-48d2-df666d27e2ad
5a00fcaa3a1babbf737c2207,false,false,false,false,,,,,,false,false,f2ef97ae-9198-1008-a84f-cd7fd6e9dc1e
5a00fcaa3a1babbf737c2208,false,false,false,false,,,,,,false,false,e5e70f29-f275-2261-9973-a7854507d1a8
5a00fcaa3a1babbf737c2209,false,false,false,false,,,,,,false,false,da74cb08-e1e8-a557-82a5-8c1704b4d465
5a00fcaa3a1babbf737c220a,false,false,false,false,,,,,,false,false,1ebdf180-3bcf-42c3-bcbc-3bf7a81c9a5d
5a00fcaa3a1babbf737c220b,false,false,false,false,,,,,,false,false,7eef9125-4b7c-3e53-737d-0d28a900d3e0
5a00fcaa3a1babbf737c220c,false,false,false,false,,,,,,false,false,1c76cbe7-8562-8761-982d-cea50c1dfcbe
5a00fcaa3a1babbf737c220d,false,false,false,false,,,,,,false,false,dcdf043a-13fa-17b7-f758-727fc881f38c
5a00fcaa3a1babbf737c220e,true,false,false,false,,,,,,false,false,acaf053f-6239-ec4c-878a-f2412119dde2
5a00fcaa3a1babbf737c220f,false,false,false,false,,,,,,false,false,a54f3a18-a555-4a65-88ad-c2906042e273
5a00fcaa3a1babbf737c2210,true,true,true,true,true,0.13131313131313133,4.0,0.18686868686868688,0.6818181818181818,false,false,df38ac0b-0d4e-93a2-8c11-43b6f7351d4e
5a00fcaa3a1babbf737c2211,true,false,false,false,,,,,,false,false,163c73f4-dad2-c3ed-a807-eb861d6978a5
5a00fcaa3a1babbf737c2212,true,false,false,false,,,,,,false,false,184ead52-6f5b-2b0e-1ca3-93b9ab171045
5a00fcaa3a1babbf737c2213,true,false,false,false,,,,,,false,false,30344136-9ebe-6950-c0b0-e8d2a7e7b0cb
5a00fcaa3a1babbf737c2214,false,false,false,false,,,,,,false,false,bd5cfde9-440a-3af1-d399-549ee34e5add
5a00fcaa3a1babbf737c2215,false,false,false,false,,,,,,false,false,12ff1747-678d-cc6f-58f1-17f8f6f35d89
5a00fcaa3a1babbf737c2216,true,false,false,false,,,,,,false,false,2fef91df-9960-b23e-076e-31a8e1210a56
5a00fcaa3a1babbf737c2217,false,false,false,false,,,,,,false,false,755daaf7-083f-9dba-425e-bafaab273104
5a00fcaa3a1babbf737c2218,false,false,false,false,,,,,,false,false,7694ab15-7c3b-45c5-9018-3ecb5ab3b7df
5a00fcaa3a1babbf737c2219,false,false,false,false,,,,,,false,false,cd96ee3f-a89d-5d30-bbdf-43c04b60df0e
5a00fcaa3a1babbf737c221a,false,false,false,false,,,,,,false,false,9e2849a4-bd1d-a087-2de2-fce0a60f6f84
5a00fcaa3a1babbf737c221b,false,false,false,false,,,,,,false,false,a51ca577-eb33-ce31-2c4b-a8f62b70ec59
5a00fcaa3a1babbf737c221c,false,false,false,false,,,,,,false,false,70a92a3c-4733-3845-2a20-4c85504b5a38
5a00fcaa3a1babbf737c221d,false,false,false,false,,,,,,false,false,9bcbde3a-c0c4-4461-b712-f1397a5beece
5a00fcaa3a1babbf737c221e,false,false,false,false,,,,,,false,false,c1b622f4-02f4-7afb-5653-8ae774768bea
5a00fcaa3a1babbf737c221f,false,false,false,false,,,,,,false,false,c8386720-10ae-4f23-bcb8-384f51d523ac
5a00fcaa3a1babbf737c2220,false,true,true,true,false,0,7.0,0,1.0,false,false,cfb21da1-df74-cb6f-3a83-9c9a4bf9fdec
5a00fcaa3a1babbf737c2221,false,false,false,false,false,,,,,false,true,0342747d-f879-440c-9411-52df189f3f71
5a00fcaa3a1babbf737c2222,false,false,false,false,,,,,,false,false,0d3d18e6-458b-aa85-d147-56b40d4e98d6
5a00fcaa3a1babbf737c2223,false,false,false,false,,,,,,false,false,1cc7cf57-42cd-4e0d-9e97-c8a51ee24c2a
5a00fcaa3a1babbf737c2224,false,false,false,false,,,,,,false,false,956fbad7-fd0e-167c-f3c6-73e0980e9d6b
5a00fcaa3a1babbf737c2225,false,false,false,false,false,,,,,false,false,c218ed03-5e02-4d28-a624-271a38ff9f22
5a00fcaa3a1babbf737c2226,false,false,false,false,,,,,,false,false,308deb2b-f11a-0946-f876-a95ffd1901ac
5a00fcaa3a1babbf737c2227,false,false,false,false,,,,,,false,false,312f0e5c-9e8b-ae8e-75ca-b691f46c50d9
5a00fcaa3a1babbf737c2228,false,false,false,false,,,,,,false,false,da7d286b-0250-1cfb-7e5f-c1b15e5b1bab
5a00fcaa3a1babbf737c2229,true,false,false,false,,,,,,false,false,4df34817-58ae-14a8-e3c1-84be433a8bb0
5a00fcaa3a1babbf737c222a,true,false,false,false,,,,,,false,false,ba57cad7-cacd-cc71-d9ec-bf8f6b04d266
5a00fcaa3a1babbf737c222b,false,false,false,false,,,,,,false,false,b90985a7-c77a-6a3a-acc1-04ebcaa29e40
5a00fcaa3a1babbf737c222c,true,false,false,false,,,,,,false,false,47a39c52-fe7f-2119-3b3c-df1130510ccf
5a00fcaa3a1babbf737c222d,true,false,false,false,,,,,,false,false,1466f5da-3702-e191-53ba-7f02b4067df3
5a00fcaa3a1babbf737c222e,true,false,false,false,,,,,,false,false,4dd038a2-f329-7735-0cf2-b6b27b24082c
5a00fcaa3a1babbf737c222f,true,false,false,false,,,,,,false,false,978f8815-364d-3e9d-a4dc-4f1b6efa5917
5a00fcaa3a1babbf737c2230,false,false,false,false,,,,,,false,false,a95daaa4-6934-0e73-cb85-e7969c39cbdc
5a00fcaa3a1babbf737c2231,false,false,false,false,,,,,,false,false,d47d6050-73b7-91a7-afa9-a84874063b9a
5a00fcaa3a1babbf737c2232,true,true,true,true,false,0,4.0,0.19444444444444445,0.8055555555555556,false,false,24c5321b-f2a1-53c6-6b88-52caa072455c
5a00fcaa3a1babbf737c2233,false,false,false,false,,,,,,false,false,e15e504e-66b3-438f-9126-0db1f252fe1e
5a00fcaa3a1babbf737c2234,true,false,false,false,,,,,,false,false,7714315f-51cf-aaca-2c7f-9f83b081e648
5a00fcaa3a1babbf737c2235,true,false,false,false,,,,,,false,false,8c55acc8-994b-ad7e-9063-a3e1b1c516d4
5a00fcaa3a1babbf737c2236,false,false,false,false,,,,,,false,false,d2a1dc8b-ec37-8297-ec6c-490249502f1e
